"Module","Path","Line","Section","Group","Clause","ImmediateSource","ResearchRisk","OriginalSourceEvidence"
"UNIT_CONFIGURATION","docs/constraints/design/UNIT_CONFIGURATION.md","11","24 统一单位、武器与配置约束","24 统一单位、武器与配置约束","所有部队共用基础字段和适用标签，不按步兵／车辆／火炮另建互不兼容的模板。单位基体、武器定义、单位配置与单位卡分别表达；单位武器分配是单位配置的一部分，单位卡引用已完成的单位配置。配置组织思路见 `docs/RTTGame_DESIGN_PRINCIPLES.md`（当前未找到，不据此补造设计）。","当前规范正文；早期原始需求／独立推导未找到，不等于复制认定","来源链不全；不据此判定MEDIUM／HIGH复制风险","未找到完整上游来源"
"UNIT_CONFIGURATION","docs/constraints/design/UNIT_CONFIGURATION.md","15","24 统一单位、武器与配置约束","统一术语与对象层级","全文统一采用“单位基体＋单位配置→单位”。“单位”不再同时指代未绑定配置的基础对象与完成配置的作战对象。","当前规范正文；早期原始需求／独立推导未找到，不等于复制认定","来源链不全；不据此判定MEDIUM／HIGH复制风险","未找到完整上游来源"
"UNIT_CONFIGURATION","docs/constraints/design/UNIT_CONFIGURATION.md","17","24 统一单位、武器与配置约束","统一术语与对象层级","| 名称 | 英文／代码语义 | 定义与边界 |","当前规范正文；早期原始需求／独立推导未找到，不等于复制认定","来源链不全；不据此判定MEDIUM／HIGH复制风险","未找到完整上游来源"
"UNIT_CONFIGURATION","docs/constraints/design/UNIT_CONFIGURATION.md","19","24 统一单位、武器与配置约束","统一术语与对象层级","| 单位基体 | `UnitBase` | 未绑定武器、装备及作战配置的基础对象，如步兵基体、装甲车辆基体；保存平台固有属性与适用能力边界，不直接作为单位卡、购买或战场指挥对象 |","当前规范正文；早期原始需求／独立推导未找到，不等于复制认定","来源链不全；不据此判定MEDIUM／HIGH复制风险","未找到完整上游来源"
"UNIT_CONFIGURATION","docs/constraints/design/UNIT_CONFIGURATION.md","20","24 统一单位、武器与配置约束","统一术语与对象层级","| 单位配置 | `UnitConfig` | 引用单位基体，并规定武器种类与数量、携弹量、人员岗位、接替优先级、安装关系及其他既有配置字段；不是另一个可在场指挥的实体 |","当前规范正文；早期原始需求／独立推导未找到，不等于复制认定","来源链不全；不据此判定MEDIUM／HIGH复制风险","未找到完整上游来源"
"UNIT_CONFIGURATION","docs/constraints/design/UNIT_CONFIGURATION.md","21","24 统一单位、武器与配置约束","统一术语与对象层级","| 单位 | `Unit` | 单位基体绑定并完成单位配置后的作战对象；用于单位池、组卡、购买、运输、指挥及战斗等既有规则 |","当前规范正文；早期原始需求／独立推导未找到，不等于复制认定","来源链不全；不据此判定MEDIUM／HIGH复制风险","未找到完整上游来源"
"UNIT_CONFIGURATION","docs/constraints/design/UNIT_CONFIGURATION.md","22","24 统一单位、武器与配置约束","统一术语与对象层级","| 单位卡 | 单位卡 | 引用完成的单位配置，记录玩家选择的最大在场数量及既有关联选择；不等同单位基体或在场单位 |","当前规范正文；早期原始需求／独立推导未找到，不等于复制认定","来源链不全；不据此判定MEDIUM／HIGH复制风险","未找到完整上游来源"
"UNIT_CONFIGURATION","docs/constraints/design/UNIT_CONFIGURATION.md","23","24 统一单位、武器与配置约束","统一术语与对象层级","| 单位实例 | 在场的 `Unit` 实例 | 依照配置在局内生成的具体单位，具有玩家归属、位置、生命、弹药、任务及各项运行状态；同配置可生成多个独立实例 |","当前规范正文；早期原始需求／独立推导未找到，不等于复制认定","来源链不全；不据此判定MEDIUM／HIGH复制风险","未找到完整上游来源"
"UNIT_CONFIGURATION","docs/constraints/design/UNIT_CONFIGURATION.md","25","24 统一单位、武器与配置约束","统一术语与对象层级","“单位实例”仅用于需要明确区分配置定义与局内状态的场合，不增加新的玩法层级。正文中的“在场单位”“乘客”“受补单位”“攻击单位”等均指单位实例；“单位型号”表示所引用基体的型号，同型号不同配置仍按既有规则分别组卡。没有武器的合法完整配置仍可形成运输或补给等单位，不因缺少武器退回单位基体。","当前规范正文；早期原始需求／独立推导未找到，不等于复制认定","来源链不全；不据此判定MEDIUM／HIGH复制风险","未找到完整上游来源"
"UNIT_CONFIGURATION","docs/constraints/design/UNIT_CONFIGURATION.md","27","24 统一单位、武器与配置约束","统一术语与对象层级","静态定义与实例运行状态的隔离要求见[第24节](UNIT_CONFIGURATION.md#section-24)“引用与配置一致性”。订单位置指示的边界见[第4节](DEPLOYMENT_ECONOMY.md#section-4)。","当前规范正文；早期原始需求／独立推导未找到，不等于复制认定","来源链不全；不据此判定MEDIUM／HIGH复制风险","未找到完整上游来源"
"UNIT_CONFIGURATION","docs/constraints/design/UNIT_CONFIGURATION.md","29","24 统一单位、武器与配置约束","统一术语与对象层级","代码命名以 `UnitBase`、`UnitConfig`、`Unit` 的语义为准，不强制新增继承结构或立即重命名现有类、字段、数据表及网络／回放接口；实际迁移须核对既有结构并遵守开发约束。","当前规范正文；早期原始需求／独立推导未找到，不等于复制认定","来源链不全；不据此判定MEDIUM／HIGH复制风险","未找到完整上游来源"
"UNIT_CONFIGURATION","docs/constraints/design/UNIT_CONFIGURATION.md","33","24 统一单位、武器与配置约束","定义分开组织与单位关联约束","单位数据采用可复用定义与明确关联分开表达的组织方式。本节仅表达本项目已确认的对象职责与关联需求；第三方资料仅供隔离的只读研究，不作为配置资产、字段映射或运行实现依据。","当前规范正文；早期原始需求／独立推导未找到，不等于复制认定","来源链不全；不据此判定MEDIUM／HIGH复制风险","未找到完整上游来源"
"UNIT_CONFIGURATION","docs/constraints/design/UNIT_CONFIGURATION.md","35","24 统一单位、武器与配置约束","定义分开组织与单位关联约束","以下为逻辑职责划分，不指定物理表数量、数据库、文件格式、继承结构及运行时导入方式。现有DATA仍为正式配置数值来源。","当前规范正文；早期原始需求／独立推导未找到，不等于复制认定","来源链不全；不据此判定MEDIUM／HIGH复制风险","未找到完整上游来源"
"UNIT_CONFIGURATION","docs/constraints/design/UNIT_CONFIGURATION.md","37","24 统一单位、武器与配置约束","定义分开组织与单位关联约束","| 定义／关联 | 本项目的职责与边界 |","当前规范正文；早期原始需求／独立推导未找到，不等于复制认定","来源链不全；不据此判定MEDIUM／HIGH复制风险","未找到完整上游来源"
"UNIT_CONFIGURATION","docs/constraints/design/UNIT_CONFIGURATION.md","39","24 统一单位、武器与配置约束","定义分开组织与单位关联约束","| 单位基体定义 | 独立表达平台固有属性、容量与安装结构；不混入某套装备的分配或局内损伤 |","当前规范正文；早期原始需求／独立推导未找到，不等于复制认定","来源链不全；不据此判定MEDIUM／HIGH复制风险","未找到完整上游来源"
"UNIT_CONFIGURATION","docs/constraints/design/UNIT_CONFIGURATION.md","40","24 统一单位、武器与配置约束","定义分开组织与单位关联约束","| 单位配置定义 | 引用一个单位基体，并关联该配置的武器、弹药初始库存、人员岗位、安装选择、能力、费用及归类等既有内容 |","当前规范正文；早期原始需求／独立推导未找到，不等于复制认定","来源链不全；不据此判定MEDIUM／HIGH复制风险","未找到完整上游来源"
"UNIT_CONFIGURATION","docs/constraints/design/UNIT_CONFIGURATION.md","41","24 统一单位、武器与配置约束","定义分开组织与单位关联约束","| 武器与弹药定义 | 武器性能、弹药性能分别定义；武器通过明确关联引用可用弹药，配置按该关联设置携带库存 |","当前规范正文；早期原始需求／独立推导未找到，不等于复制认定","来源链不全；不据此判定MEDIUM／HIGH复制风险","未找到完整上游来源"
"UNIT_CONFIGURATION","docs/constraints/design/UNIT_CONFIGURATION.md","42","24 统一单位、武器与配置约束","定义分开组织与单位关联约束","| 安装结构与武器分配 | 区分炮塔／车体安装位置本身和安装在该位置的武器；表达主武器、同轴及独立朝向关系，不由显示名称猜测 |","当前规范正文；早期原始需求／独立推导未找到，不等于复制认定","来源链不全；不据此判定MEDIUM／HIGH复制风险","未找到完整上游来源"
"UNIT_CONFIGURATION","docs/constraints/design/UNIT_CONFIGURATION.md","43","24 统一单位、武器与配置约束","定义分开组织与单位关联约束","| 班组人员与武器岗位 | 人员编制、岗位与武器分配分别表达并建立对应关系；记录最低操作资格与接替优先级，普通成员不因此成为可独立指挥单位 |","当前规范正文；早期原始需求／独立推导未找到，不等于复制认定","来源链不全；不据此判定MEDIUM／HIGH复制风险","未找到完整上游来源"
"UNIT_CONFIGURATION","docs/constraints/design/UNIT_CONFIGURATION.md","44","24 统一单位、武器与配置约束","定义分开组织与单位关联约束","| 能力定义与配置资格 | 通用能力含义只定义一次；基体固有资格与配置装备提供的能力分别明确来源，最终资格沿用现有标签、互斥及状态规则 |","当前规范正文；早期原始需求／独立推导未找到，不等于复制认定","来源链不全；不据此判定MEDIUM／HIGH复制风险","未找到完整上游来源"
"UNIT_CONFIGURATION","docs/constraints/design/UNIT_CONFIGURATION.md","45","24 统一单位、武器与配置约束","定义分开组织与单位关联约束","| 阵营／专精与配置可用性 | 单位池可用性明确关联到完整单位配置；同一配置在多个专精出现仍是同一配置，不复制成不同单位或叠加上限 |","当前规范正文；早期原始需求／独立推导未找到，不等于复制认定","来源链不全；不据此判定MEDIUM／HIGH复制风险","未找到完整上游来源"
"UNIT_CONFIGURATION","docs/constraints/design/UNIT_CONFIGURATION.md","46","24 统一单位、武器与配置约束","定义分开组织与单位关联约束","| 单位卡与关联选择 | 卡引用完整配置，保存玩家选择的最大在场数量及组卡关联；不修改基体或武器定义，不使关联单位永久绑定 |","当前规范正文；早期原始需求／独立推导未找到，不等于复制认定","来源链不全；不据此判定MEDIUM／HIGH复制风险","未找到完整上游来源"
"UNIT_CONFIGURATION","docs/constraints/design/UNIT_CONFIGURATION.md","47","24 统一单位、武器与配置约束","定义分开组织与单位关联约束","| 单位实例与运行关系 | 实例引用其配置，独立保存当前状态；搭载、任务目标及临时岗位接替等局内关系不回写为共享静态定义 |","当前规范正文；早期原始需求／独立推导未找到，不等于复制认定","来源链不全；不据此判定MEDIUM／HIGH复制风险","未找到完整上游来源"
"UNIT_CONFIGURATION","docs/constraints/design/UNIT_CONFIGURATION.md","51","24 统一单位、武器与配置约束","已确认的关联表达","以下关系仅规定本项目需要表达的信息，不规定第三方表结构或内部标识映射。","当前规范正文；早期原始需求／独立推导未找到，不等于复制认定","来源链不全；不据此判定MEDIUM／HIGH复制风险","未找到完整上游来源"
"UNIT_CONFIGURATION","docs/constraints/design/UNIT_CONFIGURATION.md","53","24 统一单位、武器与配置约束","已确认的关联表达","| 项目关联职责 | 本项目的约束 |","当前规范正文；早期原始需求／独立推导未找到，不等于复制认定","来源链不全；不据此判定MEDIUM／HIGH复制风险","未找到完整上游来源"
"UNIT_CONFIGURATION","docs/constraints/design/UNIT_CONFIGURATION.md","55","24 统一单位、武器与配置约束","已确认的关联表达","| 平台属性归属 | 防护、机动和观察数据独立组织并明确所属引用；基体固有属性归属不变，不据多条关联自动叠加性能 |","当前规范正文；早期原始需求／独立推导未找到，不等于复制认定","来源链不全；不据此判定MEDIUM／HIGH复制风险","未找到完整上游来源"
"UNIT_CONFIGURATION","docs/constraints/design/UNIT_CONFIGURATION.md","56","24 统一单位、武器与配置约束","已确认的关联表达","| 安装与朝向 | 安装结构与武器分配分开；安装能定位所属炮塔／车体、既有共享朝向关系和必要顺序，不新增任意层级炮塔玩法 |","当前规范正文；早期原始需求／独立推导未找到，不等于复制认定","来源链不全；不据此判定MEDIUM／HIGH复制风险","未找到完整上游来源"
"UNIT_CONFIGURATION","docs/constraints/design/UNIT_CONFIGURATION.md","57","24 统一单位、武器与配置约束","已确认的关联表达","| 可用弹药与库存 | 武器可用弹种与配置携弹量分别表达；初始库存明确所属配置、运行通道或安装位置、武器及弹药定义，并保存择弹顺序；同武器不同配置可有不同库存 |","当前规范正文；早期原始需求／独立推导未找到，不等于复制认定","来源链不全；不据此判定MEDIUM／HIGH复制风险","未找到完整上游来源"
"UNIT_CONFIGURATION","docs/constraints/design/UNIT_CONFIGURATION.md","58","24 统一单位、武器与配置约束","已确认的关联表达","| 人员与岗位 | 成员岗位与武器分配可关联并汇总班组武器；接替优先级按本项目规则确定，不从其他排序语义推导接替优先级 |","当前规范正文；早期原始需求／独立推导未找到，不等于复制认定","来源链不全；不据此判定MEDIUM／HIGH复制风险","未找到完整上游来源"
"UNIT_CONFIGURATION","docs/constraints/design/UNIT_CONFIGURATION.md","59","24 统一单位、武器与配置约束","已确认的关联表达","| 能力资格 | 能力关联明确归属与来源，仍受既有能力集合与资格约束，不照搬外部全部能力 |","当前规范正文；早期原始需求／独立推导未找到，不等于复制认定","来源链不全；不据此判定MEDIUM／HIGH复制风险","未找到完整上游来源"
"UNIT_CONFIGURATION","docs/constraints/design/UNIT_CONFIGURATION.md","60","24 统一单位、武器与配置约束","已确认的关联表达","| 候选与实际配置 | 战前候选装备组合与选定后的完整配置分别表达；候选不是已装备对象，完成配置明确实际武器、库存、岗位、安装及能力关系 |","当前规范正文；早期原始需求／独立推导未找到，不等于复制认定","来源链不全；不据此判定MEDIUM／HIGH复制风险","未找到完整上游来源"
"UNIT_CONFIGURATION","docs/constraints/design/UNIT_CONFIGURATION.md","61","24 统一单位、武器与配置约束","已确认的关联表达","| 专精可用性 | 专精可用性独立关联，最终单位池引用本项目完整配置；在场上限按现有配置与单位卡规则，不引入外部经验等级分档 |","当前规范正文；早期原始需求／独立推导未找到，不等于复制认定","来源链不全；不据此判定MEDIUM／HIGH复制风险","未找到完整上游来源"
"UNIT_CONFIGURATION","docs/constraints/design/UNIT_CONFIGURATION.md","62","24 统一单位、武器与配置约束","已确认的关联表达","| 组卡载具关联 | 组卡关联能定位来源专精／配置与关联载具配置，仅服务关联选择，不作为局内运输许可名单或永久绑定 |","当前规范正文；早期原始需求／独立推导未找到，不等于复制认定","来源链不全；不据此判定MEDIUM／HIGH复制风险","未找到完整上游来源"
"UNIT_CONFIGURATION","docs/constraints/design/UNIT_CONFIGURATION.md","64","24 统一单位、武器与配置约束","已确认的关联表达","一个配置可能涉及多项平台属性、安装与武器库存选择。关联集合只说明存在相关记录，不能未经选项解析就把所有候选同时装入一个单位。本项目区分“可选关系集合”“完整配置实际选择”“实例当前状态”，合法生成只使用完整配置的确定选择。","当前规范正文；早期原始需求／独立推导未找到，不等于复制认定","来源链不全；不据此判定MEDIUM／HIGH复制风险","未找到完整上游来源"
"UNIT_CONFIGURATION","docs/constraints/design/UNIT_CONFIGURATION.md","66","24 统一单位、武器与配置约束","已确认的关联表达","本项目采用“选项关联到具体定义”的组织关系，但不据此启用固有生命／防护／机动的任意替换、费用自动相加、能力叠加或单位替换；选项效果、默认选择、互斥和解析优先级中未获既有规则支持的部分继续待定。单位配置费用仍按已确认值独立确定。","当前规范正文；早期原始需求／独立推导未找到，不等于复制认定","来源链不全；不据此判定MEDIUM／HIGH复制风险","未找到完整上游来源"
"UNIT_CONFIGURATION","docs/constraints/design/UNIT_CONFIGURATION.md","68","24 统一单位、武器与配置约束","已确认的关联表达","同一武器定义出现在多个独立车辆安装位置时，库存归属须能区分运行位置；跨位置共享库存机制尚未确认，不得让多个位置重复获得整份库存或隐式共用。步兵同型号通道合并仍按[第24A节](COMBAT_RULES.md#section-24a)。","当前规范正文；早期原始需求／独立推导未找到，不等于复制认定","来源链不全；不据此判定MEDIUM／HIGH复制风险","未找到完整上游来源"
"UNIT_CONFIGURATION","docs/constraints/design/UNIT_CONFIGURATION.md","72","24 统一单位、武器与配置约束","引用与配置一致性","- 可复用定义须具有明确、稳定的身份引用；名称及本地化显示文字不作为唯一关联依据。同一基体的不同配置各有明确配置身份；多个实例引用同一配置，不合并其运行身份或状态。","当前规范正文；早期原始需求／独立推导未找到，不等于复制认定","来源链不全；不据此判定MEDIUM／HIGH复制风险","未找到完整上游来源"
"UNIT_CONFIGURATION","docs/constraints/design/UNIT_CONFIGURATION.md","73","24 统一单位、武器与配置约束","引用与配置一致性","- 同一武器或弹药的相同性能只维护一份权威定义，由不同单位配置引用；携带数量、初始库存、岗位与安装分配保存在对应配置关系中，不复制为武器的固有数量或为每个单位重复维护性能。确有已确认性能差异时使用独立定义，仍遵守[第24A节](COMBAT_RULES.md#section-24a)弹药共享规则。","当前规范正文；早期原始需求／独立推导未找到，不等于复制认定","来源链不全；不据此判定MEDIUM／HIGH复制风险","未找到完整上游来源"
"UNIT_CONFIGURATION","docs/constraints/design/UNIT_CONFIGURATION.md","74","24 统一单位、武器与配置约束","引用与配置一致性","- 防护、机动与观察属性保持[第24节](UNIT_CONFIGURATION.md#section-24)既定归属；可以按职责分组表达，但不为模仿外部数据增加推进、飞行预设、传感器类别或任意属性覆盖机制。","当前规范正文；早期原始需求／独立推导未找到，不等于复制认定","来源链不全；不据此判定MEDIUM／HIGH复制风险","未找到完整上游来源"
"UNIT_CONFIGURATION","docs/constraints/design/UNIT_CONFIGURATION.md","75","24 统一单位、武器与配置约束","引用与配置一致性","- 共享定义与实例状态必须分离。单位实例的伤亡、缺弹、模块受损、瞄准装填进度、能力余量、朝向及岗位接替不得改变其他引用者，也不得反向修改满编人数、初始库存、固定配置数量N或固有容量。","当前规范正文；早期原始需求／独立推导未找到，不等于复制认定","来源链不全；不据此判定MEDIUM／HIGH复制风险","未找到完整上游来源"
"UNIT_CONFIGURATION","docs/constraints/design/UNIT_CONFIGURATION.md","76","24 统一单位、武器与配置约束","引用与配置一致性","- 配置关系必须可检查：引用对象存在，武器与弹药匹配，安装位置及所属炮塔／车体合法，数量与岗位满足现有槽位和最低操作资格，能力满足适用与互斥规则，费用、重量及容量满足既有约束。非法配置不得作为合法单位进入组卡、购买及常规生成流程；未配置与不适用继续分别处理，不以0或默认装备掩盖缺失。","当前规范正文；早期原始需求／独立推导未找到，不等于复制认定","来源链不全；不据此判定MEDIUM／HIGH复制风险","未找到完整上游来源"
"UNIT_CONFIGURATION","docs/constraints/design/UNIT_CONFIGURATION.md","77","24 统一单位、武器与配置约束","引用与配置一致性","- 关联记录表达的数量、所属关系及顺序须明确，不能依赖界面排列猜测；配置顺序参与多弹种首次同伤择弹，岗位优先级参与接替，均保持现有确定性规则。不得因重复关联记录意外增加武器、弹药、能力次数或单位池上限。","当前规范正文；早期原始需求／独立推导未找到，不等于复制认定","来源链不全；不据此判定MEDIUM／HIGH复制风险","未找到完整上游来源"
"UNIT_CONFIGURATION","docs/constraints/design/UNIT_CONFIGURATION.md","81","24 统一单位、武器与配置约束","静态关联与局内行为边界","装备安装关联决定单位组成，专精可用性关联决定可选单位池，组卡关联决定界面组合；三者不得互相代替。组卡关联不能授予装备、运输容量、专精资格或局内指挥权，也不能把多个组成单位合并为一个实例。","当前规范正文；早期原始需求／独立推导未找到，不等于复制认定","来源链不全；不据此判定MEDIUM／HIGH复制风险","未找到完整上游来源"
"UNIT_CONFIGURATION","docs/constraints/design/UNIT_CONFIGURATION.md","83","24 统一单位、武器与配置约束","静态关联与局内行为边界","运输容量与组卡关联分别检查。局内运输不采用外部数据库式逐单位许可名单；是否可搭载继续按[第5节](TRANSPORT_LOGISTICS.md#section-5)乘员、总载重及既有操作权限判断。关联组合不能绕过容量，未关联的合法单位也不因缺少组卡关系失去局内搭载资格。","当前规范正文；早期原始需求／独立推导未找到，不等于复制认定","来源链不全；不据此判定MEDIUM／HIGH复制风险","未找到完整上游来源"
"UNIT_CONFIGURATION","docs/constraints/design/UNIT_CONFIGURATION.md","85","24 统一单位、武器与配置约束","静态关联与局内行为边界","人员、岗位及武器关系分开组织不改变[第9节](COMBAT_RULES.md#section-9)、[第13节](COMBAT_RULES.md#section-13)及[第24A节](COMBAT_RULES.md#section-24a)的运行抽象。安装关系不是新的战场指挥层级，也不增加逐把步兵武器的完整射击状态；汇总显示不合并独立车辆安装位置。","当前规范正文；早期原始需求／独立推导未找到，不等于复制认定","来源链不全；不据此判定MEDIUM／HIGH复制风险","未找到完整上游来源"
"UNIT_CONFIGURATION","docs/constraints/design/UNIT_CONFIGURATION.md","87","24 统一单位、武器与配置约束","静态关联与局内行为边界","多套配置是同一基体的合法战前组合，不意味着局内任意换装、升级树、任意数值覆盖或自动性能叠加。配置编辑与单位实例生成仍为不同步骤，具体编辑器交互及未确定字段归属继续按[第22节](PENDING_DECISIONS.md#section-22)待定；本节不授权代码迁移、DATA改表或恢复暂停开发。","当前规范正文；早期原始需求／独立推导未找到，不等于复制认定","来源链不全；不据此判定MEDIUM／HIGH复制风险","未找到完整上游来源"
"UNIT_CONFIGURATION","docs/constraints/design/UNIT_CONFIGURATION.md","91","24 统一单位、武器与配置约束","单位基体与单位配置字段","| 部分 | 属性 |","当前规范正文；早期原始需求／独立推导未找到，不等于复制认定","来源链不全；不据此判定MEDIUM／HIGH复制风险","未找到完整上游来源"
"UNIT_CONFIGURATION","docs/constraints/design/UNIT_CONFIGURATION.md","93","24 统一单位、武器与配置约束","单位基体与单位配置字段","| 身份 | 名称、阵营、专精、编组类别、单位类型、制导方式（当前留空，待后续讨论填写） |","当前规范正文；早期原始需求／独立推导未找到，不等于复制认定","来源链不全；不据此判定MEDIUM／HIGH复制风险","未找到完整上游来源"
"UNIT_CONFIGURATION","docs/constraints/design/UNIT_CONFIGURATION.md","94","24 统一单位、武器与配置约束","单位基体与单位配置字段","| 生存 | 人数、生命、前／侧／后／顶动能及化学防护、适用掩体减伤、压制及模块资格 |","当前规范正文；早期原始需求／独立推导未找到，不等于复制认定","来源链不全；不据此判定MEDIUM／HIGH复制风险","未找到完整上游来源"
"UNIT_CONFIGURATION","docs/constraints/design/UNIT_CONFIGURATION.md","95","24 统一单位、武器与配置约束","单位基体与单位配置字段","| 行动 | 公路速度、越野惩罚、本体转向速度、倒车、冲刺参数 |","当前规范正文；早期原始需求／独立推导未找到，不等于复制认定","来源链不全；不据此判定MEDIUM／HIGH复制风险","未找到完整上游来源"
"UNIT_CONFIGURATION","docs/constraints/design/UNIT_CONFIGURATION.md","96","24 统一单位、武器与配置约束","单位基体与单位配置字段","| 观察 | 视野、基础隐蔽 |","当前规范正文；早期原始需求／独立推导未找到，不等于复制认定","来源链不全；不据此判定MEDIUM／HIGH复制风险","未找到完整上游来源"
"UNIT_CONFIGURATION","docs/constraints/design/UNIT_CONFIGURATION.md","97","24 统一单位、武器与配置约束","单位基体与单位配置字段","| 运输后勤 | 本体重量、最大乘员数、总运输载重、补给资格及类型；具体配置如有补给携带上限，仍共用总载重 |","当前规范正文；早期原始需求／独立推导未找到，不等于复制认定","来源链不全；不据此判定MEDIUM／HIGH复制风险","未找到完整上游来源"
"UNIT_CONFIGURATION","docs/constraints/design/UNIT_CONFIGURATION.md","98","24 统一单位、武器与配置约束","单位基体与单位配置字段","| 能力标签 | 统一见下文“单位属性、设计分类与能力标签” |","当前规范正文；早期原始需求／独立推导未找到，不等于复制认定","来源链不全；不据此判定MEDIUM／HIGH复制风险","未找到完整上游来源"
"UNIT_CONFIGURATION","docs/constraints/design/UNIT_CONFIGURATION.md","100","24 统一单位、武器与配置约束","单位基体与单位配置字段","上表列出单位最终可用的统一字段，不表示所有字段都属于未配置的基体。字段按以下语义归属，不新增参数类型：","当前规范正文；早期原始需求／独立推导未找到，不等于复制认定","来源链不全；不据此判定MEDIUM／HIGH复制风险","未找到完整上游来源"
"UNIT_CONFIGURATION","docs/constraints/design/UNIT_CONFIGURATION.md","102","24 统一单位、武器与配置约束","单位基体与单位配置字段","- 单位基体表达基础名称／型号、阵营、单位类型、固有生命与防护、机动与观察、平台重量、运输容量及既有安装结构等平台属性；具体值仍须按已确认DATA与适用规则确定。","当前规范正文；早期原始需求／独立推导未找到，不等于复制认定","来源链不全；不据此判定MEDIUM／HIGH复制风险","未找到完整上游来源"
"UNIT_CONFIGURATION","docs/constraints/design/UNIT_CONFIGURATION.md","103","24 统一单位、武器与配置约束","单位基体与单位配置字段","- 单位配置引用基体，表达配置名称、专精及编组归类、武器分配、配置满编人数与岗位、携弹量、接替优先级、安装选择、装备相关能力及参数、价值分与出动分、识别图案等既有配置内容。基础步兵基体不自动等同某个已完成编制的班组。","当前规范正文；早期原始需求／独立推导未找到，不等于复制认定","来源链不全；不据此判定MEDIUM／HIGH复制风险","未找到完整上游来源"
"UNIT_CONFIGURATION","docs/constraints/design/UNIT_CONFIGURATION.md","104","24 统一单位、武器与配置约束","单位基体与单位配置字段","- 固有能力与配置装备提供的能力均受现有属性、标签、槽位及互斥规则约束；只有完成配置后满足资格的能力才进入单位的可用能力集合。基体尚未装备的能力不得因存在字段而启用。","当前规范正文；早期原始需求／独立推导未找到，不等于复制认定","来源链不全；不据此判定MEDIUM／HIGH复制风险","未找到完整上游来源"
"UNIT_CONFIGURATION","docs/constraints/design/UNIT_CONFIGURATION.md","105","24 统一单位、武器与配置约束","单位基体与单位配置字段","- 最终单位属性由所引用基体及其合法配置共同确定；本节不引入任意覆盖、数值叠加或继承优先级机制。尚未确认的字段归属或具体覆盖方式须继续待定，不据术语调整补默认值。","当前规范正文；早期原始需求／独立推导未找到，不等于复制认定","来源链不全；不据此判定MEDIUM／HIGH复制风险","未找到完整上游来源"
"UNIT_CONFIGURATION","docs/constraints/design/UNIT_CONFIGURATION.md","106","24 统一单位、武器与配置约束","单位基体与单位配置字段","- 实例当前状态及固定配置值的隔离统一见上文“引用与配置一致性”。","当前规范正文；早期原始需求／独立推导未找到，不等于复制认定","来源链不全；不据此判定MEDIUM／HIGH复制风险","未找到完整上游来源"
"UNIT_CONFIGURATION","docs/constraints/design/UNIT_CONFIGURATION.md","107","24 统一单位、武器与配置约束","单位基体与单位配置字段","- 单位卡的玩家选定最大在场数量及关联选择属于组卡层；允许选择的范围与配置资格沿用既有规则。","当前规范正文；早期原始需求／独立推导未找到，不等于复制认定","来源链不全；不据此判定MEDIUM／HIGH复制风险","未找到完整上游来源"
"UNIT_CONFIGURATION","docs/constraints/design/UNIT_CONFIGURATION.md","109","24 统一单位、武器与配置约束","单位基体与单位配置字段","人数与生命结算按[第9节](COMBAT_RULES.md#section-9)：步兵按成员，单体车辆人数1、生命为本体生命；人数1不是载员或车组数量。所有单位都具四面两类防护字段；各面相同时合并显示，不增加额外单独防护类型。非适用能力关闭并隐藏参数，容量无能力时0，不因字段存在获得能力。","当前规范正文；早期原始需求／独立推导未找到，不等于复制认定","来源链不全；不据此判定MEDIUM／HIGH复制风险","未找到完整上游来源"
"UNIT_CONFIGURATION","docs/constraints/design/UNIT_CONFIGURATION.md","113","24 统一单位、武器与配置约束","单位属性、设计分类与能力标签","单位类型与生命、防护、班组人数等同属单位属性，不是标签。轮式／履带式及炮塔类型仅为设计分类，不要求增加对应游戏标签或专用分类字段；其结果以移速、越野惩罚、转速、槽位及朝向配置表达。","当前规范正文；早期原始需求／独立推导未找到，不等于复制认定","来源链不全；不据此判定MEDIUM／HIGH复制风险","未找到完整上游来源"
"UNIT_CONFIGURATION","docs/constraints/design/UNIT_CONFIGURATION.md","115","24 统一单位、武器与配置约束","单位属性、设计分类与能力标签","单位能力标签共六项：冲刺、烟雾×1、烟雾×4、镭射、移动补给、APS。APS仅定义标签，作用机制未启用。烟雾×1与烟雾×4互斥，分别提供对应使用次数。只有检测到冲刺、任一烟雾或镭射标签，才启用菜单中对应能力；拥有标签后仍检查冷却、余量、状态、攻击／照射资格等既有使用条件，不取消原有禁用规则。快捷键与菜单采用相同资格判断。烟雾补充规则仍沿用既有补给规则。","当前规范正文；早期原始需求／独立推导未找到，不等于复制认定","来源链不全；不据此判定MEDIUM／HIGH复制风险","未找到完整上游来源"
"UNIT_CONFIGURATION","docs/constraints/design/UNIT_CONFIGURATION.md","117","24 统一单位、武器与配置约束","单位属性、设计分类与能力标签","移动补给属于能力标签，不另设补给标签类别；补给资格与容量仍为属性，能力行为统一按[第7节](TRANSPORT_LOGISTICS.md#section-7)。“被镭射标记”是服务器运行状态，不是配置时的固有能力标签。","当前规范正文；早期原始需求／独立推导未找到，不等于复制认定","来源链不全；不据此判定MEDIUM／HIGH复制风险","未找到完整上游来源"
"UNIT_CONFIGURATION","docs/constraints/design/UNIT_CONFIGURATION.md","121","24 统一单位、武器与配置约束","武器模板","| 部分 | 属性 |","当前规范正文；早期原始需求／独立推导未找到，不等于复制认定","来源链不全；不据此判定MEDIUM／HIGH复制风险","未找到完整上游来源"
"UNIT_CONFIGURATION","docs/constraints/design/UNIT_CONFIGURATION.md","123","24 统一单位、武器与配置约束","武器模板","| 身份 | 名称、口径、重量、最低操作人数、引用弹药 |","当前规范正文；早期原始需求／独立推导未找到，不等于复制认定","来源链不全；不据此判定MEDIUM／HIGH复制风险","未找到完整上游来源"
"UNIT_CONFIGURATION","docs/constraints/design/UNIT_CONFIGURATION.md","124","24 统一单位、武器与配置约束","武器模板","| 攻击与精度 | 允许攻击的目标类型列表、最大射程、散布、移动散布惩罚、瞄准时间或随机上下限 |","当前规范正文；早期原始需求／独立推导未找到，不等于复制认定","来源链不全；不据此判定MEDIUM／HIGH复制风险","未找到完整上游来源"
"UNIT_CONFIGURATION","docs/constraints/design/UNIT_CONFIGURATION.md","125","24 统一单位、武器与配置约束","武器模板","| 火力流程 | 实际弹药间隔、每抽象弹丸消耗弹药数、游戏弹丸间隔、弹匣容量、各弹种库存、基础装填时间 |","当前规范正文；早期原始需求／独立推导未找到，不等于复制认定","来源链不全；不据此判定MEDIUM／HIGH复制风险","未找到完整上游来源"
"UNIT_CONFIGURATION","docs/constraints/design/UNIT_CONFIGURATION.md","126","24 统一单位、武器与配置约束","武器模板","| 独立属性 | 减伤无视比例；制导方式（当前留空，具体取值及相关参数待后续讨论） |","当前规范正文；早期原始需求／独立推导未找到，不等于复制认定","来源链不全；不据此判定MEDIUM／HIGH复制风险","未找到完整上游来源"
"UNIT_CONFIGURATION","docs/constraints/design/UNIT_CONFIGURATION.md","127","24 统一单位、武器与配置约束","武器模板","| 武器标签 | 房屋内可开火、移动射击、消音、机械装填、攻顶 |","当前规范正文；早期原始需求／独立推导未找到，不等于复制认定","来源链不全；不据此判定MEDIUM／HIGH复制风险","未找到完整上游来源"
"UNIT_CONFIGURATION","docs/constraints/design/UNIT_CONFIGURATION.md","128","24 统一单位、武器与配置约束","武器模板","| 共享弹药 | 伤害类型、标伤、穿深／破深、动能距离衰减、爆炸半径、压制、模块破坏、补给与缺弹费用 |","当前规范正文；早期原始需求／独立推导未找到，不等于复制认定","来源链不全；不据此判定MEDIUM／HIGH复制风险","未找到完整上游来源"
"UNIT_CONFIGURATION","docs/constraints/design/UNIT_CONFIGURATION.md","130","24 统一单位、武器与配置约束","武器模板","消音统一固定缩减比例，具体值待定；没有人工装填标签。允许攻击类型、减伤无视及制导方式均为属性，不是标签；不设置弹道方式字段；制导方式当前留空，不将旧弹道类型或旧制导方案作为默认值。多弹种共享武器级攻顶、减伤无视与制导配置的作用范围仍待明确，不自行为不同弹种补例外。射击间隔、抽象消耗和弹丸间隔必须一致。待发为运行计数，不增加库存。安装槽位、所属炮塔或车体、转速及共享朝向另行配置。","当前规范正文；早期原始需求／独立推导未找到，不等于复制认定","来源链不全；不据此判定MEDIUM／HIGH复制风险","未找到完整上游来源"
"UNIT_CONFIGURATION","docs/constraints/design/UNIT_CONFIGURATION.md","134","24 统一单位、武器与配置约束","单位配置、单位卡与实例生成","先选择单位基体，再在单位配置中分配武器种类、数量、携弹量、人员岗位接替与安装方式，再汇总重量，确定价值分和出动分、配置名称、单位识别图案、可选最大在场数量及关联单位。步兵人员重量按满编0.1t/人加特殊装备重量，避免重复计算本体与武器重量。特殊装备专用于后续架设火炮、架设机枪／榴弹等独立装备系统；普通武器与班组武器不因所属武器分类自动占用特殊装备位置。一次性火箭弹和无后坐力炮按自身武器槽位规则管理，不计为特殊装备。","当前规范正文；早期原始需求／独立推导未找到，不等于复制认定","来源链不全；不据此判定MEDIUM／HIGH复制风险","未找到完整上游来源"
"UNIT_CONFIGURATION","docs/constraints/design/UNIT_CONFIGURATION.md","136","24 统一单位、武器与配置约束","单位配置、单位卡与实例生成","同一单位基体绑定不同单位配置形成不同单位及对应配置卡，配置战前选择，每种配置独立计卡种与在场上限。单位基体与单位配置字段不是局内展示清单，信息面板仍沿用简化规则。实验性武器全部待定。","当前规范正文；早期原始需求／独立推导未找到，不等于复制认定","来源链不全；不据此判定MEDIUM／HIGH复制风险","未找到完整上游来源"
"UNIT_CONFIGURATION","docs/constraints/design/UNIT_CONFIGURATION.md","138","24 统一单位、武器与配置约束","单位配置、单位卡与实例生成","配置编辑、组卡、购买订单与实例生成是不同步骤，关系按本节定义及[第2节](OUT_OF_MATCH.md#section-2)、[第4节](DEPLOYMENT_ECONOMY.md#section-4)执行。撤离人员仅按[第6节](TRANSPORT_LOGISTICS.md#section-6)事件生成。","当前规范正文；早期原始需求／独立推导未找到，不等于复制认定","来源链不全；不据此判定MEDIUM／HIGH复制风险","未找到完整上游来源"
"UNIT_CONFIGURATION","docs/constraints/design/UNIT_CONFIGURATION.md","140","24 统一单位、武器与配置约束","单位配置、单位卡与实例生成","配置合法性统一见上文“引用与配置一致性”；不得因术语拆分增加装备或自动补齐岗位。同型号固定配置N与当前可用数量的区别按[第9节](COMBAT_RULES.md#section-9)、[第24A节](COMBAT_RULES.md#section-24a)，不反向修改N。","当前规范正文；早期原始需求／独立推导未找到，不等于复制认定","来源链不全；不据此判定MEDIUM／HIGH复制风险","未找到完整上游来源"
"UNIT_CONFIGURATION","docs/constraints/design/UNIT_CONFIGURATION.md","144","24 统一单位、武器与配置约束","通用数值与速度显示","速度按米/秒×3.6换算千米/时，整数去尾显示，内部精确值不变。","当前规范正文；早期原始需求／独立推导未找到，不等于复制认定","来源链不全；不据此判定MEDIUM／HIGH复制风险","未找到完整上游来源"
"UNIT_CONFIGURATION","docs/constraints/design/UNIT_CONFIGURATION.md","146","24 统一单位、武器与配置约束","通用数值与速度显示","防护与穿深／破深下限统一按[第10节](COMBAT_RULES.md#section-10)，不根据历史具体单位参数推定未配置数值。","当前规范正文；早期原始需求／独立推导未找到，不等于复制认定","来源链不全；不据此判定MEDIUM／HIGH复制风险","未找到完整上游来源"
"UNIT_CONFIGURATION","docs/constraints/design/UNIT_CONFIGURATION.md","150","24 统一单位、武器与配置约束","兵牌状态指示口径","兵牌主体、人员状态背景、生存状态、工作状态、开火指示器、行为状态、搭载状态及步兵班组人数提示统一以[第14节](UI_INPUT.md#section-14)为准。本节不再另设“受伤／工作／战斗三类指示器”的旧分类，也不再使用兵牌生命条、装甲四向模块布局或瞄准白／装填黄的旧进度条规则。","当前规范正文；早期原始需求／独立推导未找到，不等于复制认定","来源链不全；不据此判定MEDIUM／HIGH复制风险","未找到完整上游来源"
"UNIT_CONFIGURATION","docs/constraints/design/UNIT_CONFIGURATION.md","152","24 统一单位、武器与配置约束","兵牌状态指示口径","瞄准重置与曲射任务例外分别见[第13节](COMBAT_RULES.md#section-13)、[第19节](COMBAT_RULES.md#section-19)。","当前规范正文；早期原始需求／独立推导未找到，不等于复制认定","来源链不全；不据此判定MEDIUM／HIGH复制风险","未找到完整上游来源"
"OUT_OF_MATCH","docs/constraints/design/OUT_OF_MATCH.md","13","1 阵营专精与单位分类","阵营与专精配置","阵营与专精的风格、作战定位及典型装备见 `docs/RTTGame_DESIGN_PRINCIPLES.md`（当前未找到，不据此补造设计）。专精决定可用单位池；玩家选择同阵营的两个专精，合并单位池及类别预算。","当前规范正文；早期原始需求／独立推导未找到，不等于复制认定","来源链不全；不据此判定MEDIUM／HIGH复制风险","未找到完整上游来源"
"OUT_OF_MATCH","docs/constraints/design/OUT_OF_MATCH.md","15","1 阵营专精与单位分类","阵营与专精配置","专精类别为步兵、装甲、快速及空军；空军随航空系统启用。每个专精须具备基础反人、反甲、防空、侦察和补给手段。班组人数主要由阵营和单位配置确定；专精差异通过卡种、价格及允许在场数量表达，不直接规定班组人数。","当前规范正文；早期原始需求／独立推导未找到，不等于复制认定","来源链不全；不据此判定MEDIUM／HIGH复制风险","未找到完整上游来源"
"OUT_OF_MATCH","docs/constraints/design/OUT_OF_MATCH.md","19","1 阵营专精与单位分类","按实际作战环境分为五类","| 类别 | 范围 |","当前规范正文；早期原始需求／独立推导未找到，不等于复制认定","来源链不全；不据此判定MEDIUM／HIGH复制风险","未找到完整上游来源"
"OUT_OF_MATCH","docs/constraints/design/OUT_OF_MATCH.md","21","1 阵营专精与单位分类","按实际作战环境分为五类","| 侦查 | 以高视野获取情报的班组和车辆 |","当前规范正文；早期原始需求／独立推导未找到，不等于复制认定","来源链不全；不据此判定MEDIUM／HIGH复制风险","未找到完整上游来源"
"OUT_OF_MATCH","docs/constraints/design/OUT_OF_MATCH.md","22","1 阵营专精与单位分类","按实际作战环境分为五类","| 步兵 | 作战步兵及主要伴随步兵的步战车、运载车 |","当前规范正文；早期原始需求／独立推导未找到，不等于复制认定","来源链不全；不据此判定MEDIUM／HIGH复制风险","未找到完整上游来源"
"OUT_OF_MATCH","docs/constraints/design/OUT_OF_MATCH.md","23","1 阵营专精与单位分类","按实际作战环境分为五类","| 装甲 | 坦克和以独立地面直接交战为主的车辆 |","当前规范正文；早期原始需求／独立推导未找到，不等于复制认定","来源链不全；不据此判定MEDIUM／HIGH复制风险","未找到完整上游来源"
"OUT_OF_MATCH","docs/constraints/design/OUT_OF_MATCH.md","24","1 阵营专精与单位分类","按实际作战环境分为五类","| 支援 | 炮兵、防空导弹、高炮、步兵迫击炮及后方运输补给 |","当前规范正文；早期原始需求／独立推导未找到，不等于复制认定","来源链不全；不据此判定MEDIUM／HIGH复制风险","未找到完整上游来源"
"OUT_OF_MATCH","docs/constraints/design/OUT_OF_MATCH.md","25","1 阵营专精与单位分类","按实际作战环境分为五类","| 飞机 | 航空单位，暂不启用，额度为0 |","当前规范正文；早期原始需求／独立推导未找到，不等于复制认定","来源链不全；不据此判定MEDIUM／HIGH复制风险","未找到完整上游来源"
"OUT_OF_MATCH","docs/constraints/design/OUT_OF_MATCH.md","27","1 阵营专精与单位分类","按实际作战环境分为五类","分类决定预算，单位类型决定伤亡和运输规则。步兵迫击炮属于支援预算、步兵类型；所有架设火炮属于支援预算、步兵类型，统一为步兵班组＋特殊武器。是否拥有车辆底盘不决定编组类别。支援类别不限制单位进入前线或执行合法移动。","当前规范正文；早期原始需求／独立推导未找到，不等于复制认定","来源链不全；不据此判定MEDIUM／HIGH复制风险","未找到完整上游来源"
"OUT_OF_MATCH","docs/constraints/design/OUT_OF_MATCH.md","35","2 作战群预算与单位卡","价值分预算","每个专精的五类额度合计3000，当前飞机额度为0，其余四类合计3000。两个同阵营专精的同类额度相加，总计6000。每类支出最多达到该类合并额度的110%，所有常规卡总支出不得超过6000；零额度仍为零，不强迫凑满预算。","当前规范正文；早期原始需求／独立推导未找到，不等于复制认定","来源链不全；不据此判定MEDIUM／HIGH复制风险","未找到完整上游来源"
"OUT_OF_MATCH","docs/constraints/design/OUT_OF_MATCH.md","37","2 作战群预算与单位卡","价值分预算","卡片支出＝所选配置价值分单价×玩家选定最大在场数量。单位配置固定归类，不由玩家自行更改。同一型号不同配置各算一个卡种；常规卡种共用上限，具体数目待定。每卡独立限制在场数量，不另设全军在场总量上限，也不限制整局累计购买数量。","当前规范正文；早期原始需求／独立推导未找到，不等于复制认定","来源链不全；不据此判定MEDIUM／HIGH复制风险","未找到完整上游来源"
"OUT_OF_MATCH","docs/constraints/design/OUT_OF_MATCH.md","41","2 作战群预算与单位卡","关联组卡","先选择步兵，再可关联步战车或运载车；卡车也可关联架设火炮，补给是运输单位的通用关联选择。主单位和关联单位合计价值后计入所属类别，关联仅用于组卡界面，不永久绑定局内对象。局内各组成单位可分别购买、指挥和补购，各自检查名额。","当前规范正文；早期原始需求／独立推导未找到，不等于复制认定","来源链不全；不据此判定MEDIUM／HIGH复制风险","未找到完整上游来源"
"OUT_OF_MATCH","docs/constraints/design/OUT_OF_MATCH.md","43","2 作战群预算与单位卡","关联组卡","相同型号相同配置在两个专精中重复出现时，单位池去重，不重复叠加携带上限。具体关联组合的配置呈现与分项数量配置还需在组卡界面落地。","当前规范正文；早期原始需求／独立推导未找到，不等于复制认定","来源链不全；不据此判定MEDIUM／HIGH复制风险","未找到完整上游来源"
"DEPLOYMENT_ECONOMY","docs/constraints/design/DEPLOYMENT_ECONOMY.md","11","3 出动分维护与退款","3 出动分维护与退款","| 参数 | 数值或规则 |","当前规范正文；早期原始需求／独立推导未找到，不等于复制认定","来源链不全；不据此判定MEDIUM／HIGH复制风险","未找到完整上游来源"
"DEPLOYMENT_ECONOMY","docs/constraints/design/DEPLOYMENT_ECONOMY.md","13","3 出动分维护与退款","3 出动分维护与退款","| 初始出动分 | 1000 |","当前规范正文；早期原始需求／独立推导未找到，不等于复制认定","来源链不全；不据此判定MEDIUM／HIGH复制风险","未找到完整上游来源"
"DEPLOYMENT_ECONOMY","docs/constraints/design/DEPLOYMENT_ECONOMY.md","14","3 出动分维护与退款","3 出动分维护与退款","| 基础收入 | 每分钟300，每5秒到账25 |","当前规范正文；早期原始需求／独立推导未找到，不等于复制认定","来源链不全；不据此判定MEDIUM／HIGH复制风险","未找到完整上游来源"
"DEPLOYMENT_ECONOMY","docs/constraints/design/DEPLOYMENT_ECONOMY.md","15","3 出动分维护与退款","3 出动分维护与退款","| 地面维护 | 在场单位配置出动分的5%每分钟 |","当前规范正文；早期原始需求／独立推导未找到，不等于复制认定","来源链不全；不据此判定MEDIUM／HIGH复制风险","未找到完整上游来源"
"DEPLOYMENT_ECONOMY","docs/constraints/design/DEPLOYMENT_ECONOMY.md","16","3 出动分维护与退款","3 出动分维护与退款","| 空军维护 | 在场单位配置出动分的2.5%每分钟 |","当前规范正文；早期原始需求／独立推导未找到，不等于复制认定","来源链不全；不据此判定MEDIUM／HIGH复制风险","未找到完整上游来源"
"DEPLOYMENT_ECONOMY","docs/constraints/design/DEPLOYMENT_ECONOMY.md","17","3 出动分维护与退款","3 出动分维护与退款","| 结算周期 | 5秒；每次维护为每分钟费用除以12 |","当前规范正文；早期原始需求／独立推导未找到，不等于复制认定","来源链不全；不据此判定MEDIUM／HIGH复制风险","未找到完整上游来源"
"DEPLOYMENT_ECONOMY","docs/constraints/design/DEPLOYMENT_ECONOMY.md","18","3 出动分维护与退款","3 出动分维护与退款","| 补给购买 | 10出动分每1t；不计维护费 |","当前规范正文；早期原始需求／独立推导未找到，不等于复制认定","来源链不全；不据此判定MEDIUM／HIGH复制风险","未找到完整上游来源"
"DEPLOYMENT_ECONOMY","docs/constraints/design/DEPLOYMENT_ECONOMY.md","19","3 出动分维护与退款","3 出动分维护与退款","| 精度 | 内部浮点计算，界面整数去尾 |","当前规范正文；早期原始需求／独立推导未找到，不等于复制认定","来源链不全；不据此判定MEDIUM／HIGH复制风险","未找到完整上游来源"
"DEPLOYMENT_ECONOMY","docs/constraints/design/DEPLOYMENT_ECONOMY.md","21","3 出动分维护与退款","3 出动分维护与退款","单位配置的价值分与出动分独立配置，均须为非负整数且为5的倍数；非法值拒绝，不取整。维护费与退款允许小数计算。价值分与出动分独立定价，6000价值分作战群的全部部署费用不必是6000。收入与维护同时结算；净支出扣存款，余额最低0，无负债。无法支付维护不使现有单位损血、消失或失去作战能力；购买必须余额足够。撤离人员不免维护费。","当前规范正文；早期原始需求／独立推导未找到，不等于复制认定","来源链不全；不据此判定MEDIUM／HIGH复制风险","未找到完整上游来源"
"DEPLOYMENT_ECONOMY","docs/constraints/design/DEPLOYMENT_ECONOMY.md","23","3 出动分维护与退款","3 出动分维护与退款","此处单位配置出动分包含完成配置的单位及其装备价格，不含另购补给费用；“本体费用”不表示单位基体具有独立购买价格。退款公式中的单位出动分采用同一口径。","当前规范正文；早期原始需求／独立推导未找到，不等于复制认定","来源链不全；不据此判定MEDIUM／HIGH复制风险","未找到完整上游来源"
"DEPLOYMENT_ECONOMY","docs/constraints/design/DEPLOYMENT_ECONOMY.md","27","3 出动分维护与退款","退款","B返回基地退款区域，到达后移除单位，释放名额。退款＝max[0，（单位出动分－当前缺失弹药对应费用）×0.1]。残编、生命值与模块损伤不影响退款；具体弹药费用与补给类型后续设置。正常退款不计击杀或死亡价值，单独记录金额。","当前规范正文；早期原始需求／独立推导未找到，不等于复制认定","来源链不全；不据此判定MEDIUM／HIGH复制风险","未找到完整上游来源"
"DEPLOYMENT_ECONOMY","docs/constraints/design/DEPLOYMENT_ECONOMY.md","29","3 出动分维护与退款","退款","返回途中仍可被击杀且收维护费；其他任务指令取消返基地任务。运输车与自己的车内单位可共同移除，各自计算退款后相加；剩余车载补给不额外退款。移速为0火炮须乘车返回，可随运输单位退款。","当前规范正文；早期原始需求／独立推导未找到，不等于复制认定","来源链不全；不据此判定MEDIUM／HIGH复制风险","未找到完整上游来源"
"DEPLOYMENT_ECONOMY","docs/constraints/design/DEPLOYMENT_ECONOMY.md","31","3 出动分维护与退款","退款","主动放弃不继承原装备弹药缺额到撤离人员，撤离人员仅按自身数值及弹药状态退款。出动订单生成前取消整单全额退款，包括补给。","当前规范正文；早期原始需求／独立推导未找到，不等于复制认定","来源链不全；不据此判定MEDIUM／HIGH复制风险","未找到完整上游来源"
"DEPLOYMENT_ECONOMY","docs/constraints/design/DEPLOYMENT_ECONOMY.md","35","3 出动分维护与退款","价值统计","价值分既用于组卡，也等于正常击杀与死亡统计分值。价值KD＝累计击杀价值÷累计死亡价值；死亡价值0显示“无损”，不显示单位数量KD。班组全灭一次性结算整班价值，单兵伤亡不单独得分；补员不改变价值。最后造成消灭的单位获得击杀，其他参与者记录助攻，不额外产生价值分。","当前规范正文；早期原始需求／独立推导未找到，不等于复制认定","来源链不全；不据此判定MEDIUM／HIGH复制风险","未找到完整上游来源"
"DEPLOYMENT_ECONOMY","docs/constraints/design/DEPLOYMENT_ECONOMY.md","41","4 购买与出动订单","4 购买与出动订单","购买入口为单位类型列表→具体单位列表；具体单位条目引用已编入作战群的完整单位配置，不直接出售单位基体。单位选定后选择出行方式；运输载具选定后选择乘客和补给吨位，可空载。出行方式决定自行移动或搭乘载具；载具与乘客必须来自已编入作战群的配置。移速为0的架设火炮必须绑定卡车出动。","当前规范正文；早期原始需求／独立推导未找到，不等于复制认定","来源链不全；不据此判定MEDIUM／HIGH复制风险","未找到完整上游来源"
"DEPLOYMENT_ECONOMY","docs/constraints/design/DEPLOYMENT_ECONOMY.md","43","4 购买与出动订单","4 购买与出动订单","确认购买即扣除各组成单位及补给费用，分别预留对应名额。已有在场数量＋待生成订单数量不能超过每卡选定上限。尚未生成的订单同样占名额，不收维护费。购买后生成一个暗化处理的兵牌作为订单位置指示；该暗化兵牌仅表示未来单位的目标位置，不是实际单位，不侦察、占点、受攻击或获得实际单位状态。其尺寸、单位识别图案和玩家颜色边框与对应实际兵牌完全一致，仅做暗化处理。组合订单仍使用一个订单位置指示，具体组合识别图案若需区别后续再定。","当前规范正文；早期原始需求／独立推导未找到，不等于复制认定","来源链不全；不据此判定MEDIUM／HIGH复制风险","未找到完整上游来源"
"DEPLOYMENT_ECONOMY","docs/constraints/design/DEPLOYMENT_ECONOMY.md","45","4 购买与出动订单","4 购买与出动订单","| 步骤 | 操作 |","当前规范正文；早期原始需求／独立推导未找到，不等于复制认定","来源链不全；不据此判定MEDIUM／HIGH复制风险","未找到完整上游来源"
"DEPLOYMENT_ECONOMY","docs/constraints/design/DEPLOYMENT_ECONOMY.md","47","4 购买与出动订单","4 购买与出动订单","| 购买后 | 生成暗化兵牌并跟随鼠标 |","当前规范正文；早期原始需求／独立推导未找到，不等于复制认定","来源链不全；不据此判定MEDIUM／HIGH复制风险","未找到完整上游来源"
"DEPLOYMENT_ECONOMY","docs/constraints/design/DEPLOYMENT_ECONOMY.md","48","4 购买与出动订单","4 购买与出动订单","| 放置 | 左键地图指定目的地，开始生成读秒 |","当前规范正文；早期原始需求／独立推导未找到，不等于复制认定","来源链不全；不据此判定MEDIUM／HIGH复制风险","未找到完整上游来源"
"DEPLOYMENT_ECONOMY","docs/constraints/design/DEPLOYMENT_ECONOMY.md","49","4 购买与出动订单","4 购买与出动订单","| 调整 | 第一次左键点击暗化兵牌拿起，中止读秒；第二次左键放下，重新完整读秒 |","当前规范正文；早期原始需求／独立推导未找到，不等于复制认定","来源链不全；不据此判定MEDIUM／HIGH复制风险","未找到完整上游来源"
"DEPLOYMENT_ECONOMY","docs/constraints/design/DEPLOYMENT_ECONOMY.md","50","4 购买与出动订单","4 购买与出动订单","| 取消 | 手持时右键或E取消；读秒中右键点击暗化兵牌取消；全额退款并释放名额 |","当前规范正文；早期原始需求／独立推导未找到，不等于复制认定","来源链不全；不据此判定MEDIUM／HIGH复制风险","未找到完整上游来源"
"DEPLOYMENT_ECONOMY","docs/constraints/design/DEPLOYMENT_ECONOMY.md","51","4 购买与出动订单","4 购买与出动订单","| 生成 | 地面3秒，空军6秒；出生点生成，前往暗化兵牌所指示的位置 |","当前规范正文；早期原始需求／独立推导未找到，不等于复制认定","来源链不全；不据此判定MEDIUM／HIGH复制风险","未找到完整上游来源"
"DEPLOYMENT_ECONOMY","docs/constraints/design/DEPLOYMENT_ECONOMY.md","53","4 购买与出动订单","4 购买与出动订单","同时只能拿起一个订单位置指示，多张已放置订单并行读秒。无效位置使用禁用符号提示，不使用红色区分无效与攻击。订单身份与兵牌样式统一按本节购买规则。","当前规范正文；早期原始需求／独立推导未找到，不等于复制认定","来源链不全；不据此判定MEDIUM／HIGH复制风险","未找到完整上游来源"
"DEPLOYMENT_ECONOMY","docs/constraints/design/DEPLOYMENT_ECONOMY.md","57","4 购买与出动订单","出生与默认行为","当前使用固定地面通用出生点，后续任务可加限定种类入口和独立空军入口。局外设置出场基本移动或快速移动，以及到达后卸载或保持搭载。生成时乘客已搭载，维护从生成后开始。","当前规范正文；早期原始需求／独立推导未找到，不等于复制认定","来源链不全；不据此判定MEDIUM／HIGH复制风险","未找到完整上游来源"
"DEPLOYMENT_ECONOMY","docs/constraints/design/DEPLOYMENT_ECONOMY.md","59","4 购买与出动订单","出生与默认行为","到达卸载只在目的地执行，途中遇敌不自动卸载；空间不足保持搭载并提示。修改出动移动命令取消原地自动卸载安排；卸载后载具留在原地。到场前取消指生成前取消，不包括生成后的赶路阶段。","当前规范正文；早期原始需求／独立推导未找到，不等于复制认定","来源链不全；不据此判定MEDIUM／HIGH复制风险","未找到完整上游来源"
"DEPLOYMENT_ECONOMY","docs/constraints/design/DEPLOYMENT_ECONOMY.md","65","17 部署受阻","17 部署受阻","读秒结束在出生点范围寻找最近有效空位。无空位时等待部署，保留费用与预留名额，不收维护；有空位后直接生成，无需重新读秒。等待期间可拿起订单暗化兵牌调整位置，放下重新完整读秒，取消全额退款。按读秒完成先后部署，但某个订单尺寸受阻不阻塞其他可部署订单。敌人接近不关闭出生点，新单位没有无敌保护。","当前规范正文；早期原始需求／独立推导未找到，不等于复制认定","来源链不全；不据此判定MEDIUM／HIGH复制风险","未找到完整上游来源"
"DEPLOYMENT_ECONOMY","docs/constraints/design/DEPLOYMENT_ECONOMY.md","67","17 部署受阻","17 部署受阻","已生成单位无法到达订单暗化兵牌所指示的目的地时，前往最近可达位置并提示，不自动退款；卸载空间不足保持搭载。","当前规范正文；早期原始需求／独立推导未找到，不等于复制认定","来源链不全；不据此判定MEDIUM／HIGH复制风险","未找到完整上游来源"
"MOVEMENT_COMMANDS","docs/constraints/design/MOVEMENT_COMMANDS.md","11","11 移动队形与任务队列","11 移动队形与任务队列","| 指令 | 行为 | 路径 |","当前规范正文；早期原始需求／独立推导未找到，不等于复制认定","来源链不全；不据此判定MEDIUM／HIGH复制风险","未找到完整上游来源"
"MOVEMENT_COMMANDS","docs/constraints/design/MOVEMENT_COMMANDS.md","13","11 移动队形与任务队列","11 移动队形与任务队列","| 基本移动 | 避障外尽量直线，不主动停车接敌 | 蓝色虚线 |","当前规范正文；早期原始需求／独立推导未找到，不等于复制认定","来源链不全；不据此判定MEDIUM／HIGH复制风险","未找到完整上游来源"
"MOVEMENT_COMMANDS","docs/constraints/design/MOVEMENT_COMMANDS.md","14","11 移动队形与任务队列","11 移动队形与任务队列","| 快速移动 | 按预计到达时间选路，不增加基础速度 | 绿色虚线 |","当前规范正文；早期原始需求／独立推导未找到，不等于复制认定","来源链不全；不据此判定MEDIUM／HIGH复制风险","未找到完整上游来源"
"MOVEMENT_COMMANDS","docs/constraints/design/MOVEMENT_COMMANDS.md","15","11 移动队形与任务队列","11 移动队形与任务队列","| 攻击移动 | 遇有效目标停车交战，结束继续原路线，不追击 | 红色虚线 |","当前规范正文；早期原始需求／独立推导未找到，不等于复制认定","来源链不全；不据此判定MEDIUM／HIGH复制风险","未找到完整上游来源"
"MOVEMENT_COMMANDS","docs/constraints/design/MOVEMENT_COMMANDS.md","16","11 移动队形与任务队列","11 移动队形与任务队列","| 倒车 | 装甲适用，保持车头，独立倒车速度 | 黄色虚线 |","当前规范正文；早期原始需求／独立推导未找到，不等于复制认定","来源链不全；不据此判定MEDIUM／HIGH复制风险","未找到完整上游来源"
"MOVEMENT_COMMANDS","docs/constraints/design/MOVEMENT_COMMANDS.md","17","11 移动队形与任务队列","11 移动队形与任务队列","| 火炮开火 | 单位到目标指示线，不表示移动路线 | 红色虚线 |","当前规范正文；早期原始需求／独立推导未找到，不等于复制认定","来源链不全；不据此判定MEDIUM／HIGH复制风险","未找到完整上游来源"
"MOVEMENT_COMMANDS","docs/constraints/design/MOVEMENT_COMMANDS.md","19","11 移动队形与任务队列","11 移动队形与任务队列","硬化与非硬化路面影响装甲速度，步兵同速。无武器不能攻击移动，步兵不能倒车。路径选中才显示；后续任务虚线和编号，当前与后续均虚线。无效目标禁用符号，火炮准星、移动箭头。","当前规范正文；早期原始需求／独立推导未找到，不等于复制认定","来源链不全；不据此判定MEDIUM／HIGH复制风险","未找到完整上游来源"
"MOVEMENT_COMMANDS","docs/constraints/design/MOVEMENT_COMMANDS.md","23","11 移动队形与任务队列","局外移动设置","可选按组内最慢有效速度保持队形，或按各自速度。仅本次移动组参与，随地形与移动方式动态计算；乘客按载具，不可移动单位提示并排除。目的地分配不同落点。攻击移动交战单位退出速度协调，其他继续；独立新命令退出组。","当前规范正文；早期原始需求／独立推导未找到，不等于复制认定","来源链不全；不据此判定MEDIUM／HIGH复制风险","未找到完整上游来源"
"MOVEMENT_COMMANDS","docs/constraints/design/MOVEMENT_COMMANDS.md","25","11 移动队形与任务队列","局外移动设置","避障优先，可暂打破队形，通过后恢复；快速移动仍各自选快路，不强迫同一路线。冲刺暂不受最慢速度限制。","当前规范正文；早期原始需求／独立推导未找到，不等于复制认定","来源链不全；不据此判定MEDIUM／HIGH复制风险","未找到完整上游来源"
"MOVEMENT_COMMANDS","docs/constraints/design/MOVEMENT_COMMANDS.md","29","11 移动队形与任务队列","禁止掩体吸附","永久不采用掩体吸附（cover snapping）：单位及班组成员不因靠近掩体自动贴墙、对齐或吸附到预设站位，不设置用于该行为的墙边站位槽（slots）及预留机制（reservation）。普通路径避障、队形跟随、房屋进驻与掩体效果仍按各自规则生效，不由本条新增或取消。","当前规范正文；早期原始需求／独立推导未找到，不等于复制认定","来源链不全；不据此判定MEDIUM／HIGH复制风险","未找到完整上游来源"
"MOVEMENT_COMMANDS","docs/constraints/design/MOVEMENT_COMMANDS.md","33","11 移动队形与任务队列","任务队列","Shift追加，不按Shift替换并清空后续。各单位独立执行，移动到达、装卸完成、指定目标摧毁视为完成。持续攻击地面无结束条件，会阻塞后续。无法执行且目标已失效跳过提示；暂缺弹或空间不足等待。即时烟雾冲刺不入队不覆盖任务。","当前规范正文；早期原始需求／独立推导未找到，不等于复制认定","来源链不全；不据此判定MEDIUM／HIGH复制风险","未找到完整上游来源"
"MOVEMENT_COMMANDS","docs/constraints/design/MOVEMENT_COMMANDS.md","35","11 移动队形与任务队列","任务队列","E在交互状态先退出交互，无交互则取消任务清队列；不启用被关闭武器、不关闭仅还击。H不清队列。混选资格分别检查，不支持单位保留原任务；运输车与车内乘客同选只执行车的移动。","当前规范正文；早期原始需求／独立推导未找到，不等于复制认定","来源链不全；不据此判定MEDIUM／HIGH复制风险","未找到完整上游来源"
"MOVEMENT_COMMANDS","docs/constraints/design/MOVEMENT_COMMANDS.md","39","11 移动队形与任务队列","地面单位移动碰撞","步兵班组不构成单位级动态寻路障碍；步兵之间、步兵与装甲车辆之间允许移动空间重叠。步兵不阻挡车辆，车辆不阻挡步兵；步兵及班组成员不因其他步兵或车辆进行动态避让，路径规划主体仍为班组／锚点，不为每名士兵增加独立寻路。","当前规范正文；早期原始需求／独立推导未找到，不等于复制认定","来源链不全；不据此判定MEDIUM／HIGH复制风险","未找到完整上游来源"
"MOVEMENT_COMMANDS","docs/constraints/design/MOVEMENT_COMMANDS.md","41","11 移动队形与任务队列","地面单位移动碰撞","装甲车辆采用不随车体朝向改变形状的圆形移动占位。车辆之间的移动阻挡敌我一致，不能相互穿透或最终重叠；自身占位半径、其他车辆当前占位及不可通行静态环境参与路径、目的地合法性与行进碰撞判断。被车辆动态堵住时停止／等待，必要时低频有限重新寻路；停车车辆不被自动推走，受阻不取消原任务。具体半径及重试间隔仍为未定／临时参数，不因本条同步升级为正式数值。","当前规范正文；早期原始需求／独立推导未找到，不等于复制认定","来源链不全；不据此判定MEDIUM／HIGH复制风险","未找到完整上游来源"
"MOVEMENT_COMMANDS","docs/constraints/design/MOVEMENT_COMMANDS.md","43","11 移动队形与任务队列","地面单位移动碰撞","允许移动空间重叠不等于取消受击碰撞体。移动／寻路占位、移动阻挡、受击碰撞体与视觉模型分别处理；车辆圆形移动占位不自动等同真实受击几何。步兵班组保留共用受击碰撞体及人员逻辑位置。","当前规范正文；早期原始需求／独立推导未找到，不等于复制认定","来源链不全；不据此判定MEDIUM／HIGH复制风险","未找到完整上游来源"
"MOVEMENT_COMMANDS","docs/constraints/design/MOVEMENT_COMMANDS.md","45","11 移动队形与任务队列","地面单位移动碰撞","搭载单位不额外占据地面空间，卸载须有有效空位，否则保持搭载。出生点生成同样遵守有效空位规则。","当前规范正文；早期原始需求／独立推导未找到，不等于复制认定","来源链不全；不据此判定MEDIUM／HIGH复制风险","未找到完整上游来源"
"MOVEMENT_COMMANDS","docs/constraints/design/MOVEMENT_COMMANDS.md","49","11 移动队形与任务队列","残骸与场景障碍物","单位残骸仅作视觉表现，不作为战场可交互实体，不阻挡移动、弹丸或视野，不能选取、攻击、回收或重新操作，不保留补给，不二次殉爆。显示一段时间后消失，时长待定。撤离人员生成不依赖残骸。","当前规范正文；早期原始需求／独立推导未找到，不等于复制认定","来源链不全；不据此判定MEDIUM／HIGH复制风险","未找到完整上游来源"
"MOVEMENT_COMMANDS","docs/constraints/design/MOVEMENT_COMMANDS.md","51","11 移动队形与任务队列","残骸与场景障碍物","场景障碍物被摧毁后换为破损外观，仍按原有范围阻挡移动、弹丸及视野，不新增坍塌碎片、缺口或高度变化。摧毁后不再受伤，不能被彻底清除。单位残骸与场景障碍物分别适用上述规则。","当前规范正文；早期原始需求／独立推导未找到，不等于复制认定","来源链不全；不据此判定MEDIUM／HIGH复制风险","未找到完整上游来源"
"COMBAT_RULES","docs/constraints/design/COMBAT_RULES.md","11","9 生命伤亡与压制","9 生命伤亡与压制","每名步兵最大生命5，独立计伤，显示班组总生命与人数；全班归零直接消灭，不设额外濒死。直射命中选择一名存活士兵，超额不溢出；爆炸按个人逻辑位置分别结算。单兵残血不额外降低效率。","当前规范正文；早期原始需求／独立推导未找到，不等于复制认定","来源链不全；不据此判定MEDIUM／HIGH复制风险","未找到完整上游来源"
"COMBAT_RULES","docs/constraints/design/COMBAT_RULES.md","13","9 生命伤亡与压制","9 生命伤亡与压制","直射成员选择按实际命中时刻的成员逻辑位置，选择距实际命中点平方距离最小的存活成员；平方距离完全相同时按稳定member_id从小到大决胜。不抽取随机成员，不使用步末位置替代事件时位置。服务器内部保留实际选中成员与损伤结果，不扩展公开弹丸或冻结Replay v1。","本会话用户明确选择按命中点最近存活成员；任务005","LOW","本会话可见明确决定"
"COMBAT_RULES","docs/constraints/design/COMBAT_RULES.md","17","9 生命伤亡与压制","武器接替","士兵阵亡移除其个人武器与携带弹药；仍可用的班组武器按配置优先级和最低操作人数，由幸存且符合接替条件的人员自动接替。接替者原主武器停止使用，不生成地面拾取物。已移除的武器与弹药不因接替恢复。补员到达后优先恢复原岗位，原接替者退出临时岗位并恢复自身岗位；补员不凭空恢复已经损失的弹药，也不凭空补满整个班组弹药。","当前规范正文；早期原始需求／独立推导未找到，不等于复制认定","来源链不全；不据此判定MEDIUM／HIGH复制风险","未找到完整上游来源"
"COMBAT_RULES","docs/constraints/design/COMBAT_RULES.md","19","9 生命伤亡与压制","武器接替","具体接替算法已授权由开发方自动设计与实现，无需再因算法细化请求确认；必须保持本基线已确认的0.5玩法规则，以节省服务器算力和状态更新成本为首要工程约束。以下为已确认设计约束，不代表功能已经实现：","当前规范正文；早期原始需求／独立推导未找到，不等于复制认定","来源链不全；不据此判定MEDIUM／HIGH复制风险","未找到完整上游来源"
"COMBAT_RULES","docs/constraints/design/COMBAT_RULES.md","21","9 生命伤亡与压制","武器接替","- 武器通道及固定配置N统一按[第24A节](COMBAT_RULES.md#section-24a)。接替系统另记录当前可用数量、最低操作人数及接替优先级，阵亡等事件改变当前可用数量，不以逐把武器独立维护接替状态。","当前规范正文；早期原始需求／独立推导未找到，不等于复制认定","来源链不全；不据此判定MEDIUM／HIGH复制风险","未找到完整上游来源"
"COMBAT_RULES","docs/constraints/design/COMBAT_RULES.md","22","9 生命伤亡与压制","武器接替","- 班组生成时预计算配置优先级的整数序列／索引，并缓存“岗位→可接替岗位”的有序候选关系；仅在配置发生变化时重建受影响缓存，不在战斗过程中动态排序。","当前规范正文；早期原始需求／独立推导未找到，不等于复制认定","来源链不全；不据此判定MEDIUM／HIGH复制风险","未找到完整上游来源"
"COMBAT_RULES","docs/constraints/design/COMBAT_RULES.md","23","9 生命伤亡与压制","武器接替","- 接替只由阵亡、补员、配置变化等相关状态事件触发。无相关事件时不得产生持续接替计算；禁止每Tick遍历士兵、武器或全班岗位进行接替检查，也禁止全阵营扫描。","当前规范正文；早期原始需求／独立推导未找到，不等于复制认定","来源链不全；不据此判定MEDIUM／HIGH复制风险","未找到完整上游来源"
"COMBAT_RULES","docs/constraints/design/COMBAT_RULES.md","24","9 生命伤亡与压制","武器接替","- 事件只重算受影响的岗位与武器通道。若接替使原岗位或其他关联通道发生变化，沿缓存依赖关系处理必要的受影响通道，直至状态一致；不得遗漏关联影响，也不得无条件重算整个班组。","当前规范正文；早期原始需求／独立推导未找到，不等于复制认定","来源链不全；不据此判定MEDIUM／HIGH复制风险","未找到完整上游来源"
"COMBAT_RULES","docs/constraints/design/COMBAT_RULES.md","25","9 生命伤亡与压制","武器接替","- 操作人数不足时，按预计算的配置优先级从幸存且可接替的候选人员中依次补位。人员不得同时占用互斥岗位；人员不足时仍以配置优先级和最低操作人数决定保留哪些武器。","当前规范正文；早期原始需求／独立推导未找到，不等于复制认定","来源链不全；不据此判定MEDIUM／HIGH复制风险","未找到完整上游来源"
"COMBAT_RULES","docs/constraints/design/COMBAT_RULES.md","26","9 生命伤亡与压制","武器接替","- 同优先级用稳定的单位／岗位ID决胜，处理顺序确定，不引入随机选择。运行时以数组索引及少量状态判断为主，避免额外排序与同步成本。","当前规范正文；早期原始需求／独立推导未找到，不等于复制认定","来源链不全；不据此判定MEDIUM／HIGH复制风险","未找到完整上游来源"
"COMBAT_RULES","docs/constraints/design/COMBAT_RULES.md","27","9 生命伤亡与压制","武器接替","- 性能目标：正常无事件运行时接替系统持续CPU成本接近零；单次事件成本仅与该单位受影响的少量岗位、通道及其候选依赖有关，不随整个阵营单位数量增长。","当前规范正文；早期原始需求／独立推导未找到，不等于复制认定","来源链不全；不据此判定MEDIUM／HIGH复制风险","未找到完整上游来源"
"COMBAT_RULES","docs/constraints/design/COMBAT_RULES.md","29","9 生命伤亡与压制","武器接替","本授权不新增Excel运行时读取、不恢复外部导入，不自行补齐未定义的槽位、单位实例、武器数量或岗位数据；具体配置仍遵守本基线与DATA的现有边界。","当前规范正文；早期原始需求／独立推导未找到，不等于复制认定","来源链不全；不据此判定MEDIUM／HIGH复制风险","未找到完整上游来源"
"COMBAT_RULES","docs/constraints/design/COMBAT_RULES.md","33","9 生命伤亡与压制","压制状态","各武器有独立压制值、破坏值。压制只适用于步兵类型（含架设火炮、迫击炮班组及撤离人员），车辆不积累步兵压制量表，但由人员状态模块获得恐慌／失能。设当前存活人数n、每人压制额度s、班组压制Q，则Q<ns正常，ns≤Q<2ns恐慌，Q=2ns失能；全员死亡直接消灭，不进行零人数阈值判断。有效近爆及未击穿命中可压制，一次爆炸对班组只计一次，不按波及人数重复累计。单次攻击可跨阈值。步兵状态效果见下表；机械装填不受人员状态影响。","当前规范正文；早期原始需求／独立推导未找到，不等于复制认定","来源链不全；不据此判定MEDIUM／HIGH复制风险","未找到完整上游来源"
"COMBAT_RULES","docs/constraints/design/COMBAT_RULES.md","35","9 生命伤亡与压制","压制状态","有效命中或近爆刷新安全恢复时间，含零伤害命中；仅被瞄准不刷新。一段时间未受新增压制后，压制自然下降；低于失能阈值自动解除压制失能，按当前压制值判断恐慌或正常。所有有效压制来源统一在最后一次有效事件后等待10秒，再每秒减少当前满编恐慌阈值的5%；新的有效事件刷新等待。Q硬上限为2ns，已达失能上限时只刷新恢复等待，不继续累加；减员后将Q钳制到新的2ns。取消独立伤亡失能。阵亡只降低人数阈值，不额外增加压制；补员提高阈值。人数或压制变化后重新判断状态，低于失能阈值自动解除，不消耗额外补给。量表显示Q/(2ns)比例。每人压制额度s由具体单位配置确定，当前标准s=40；满编8人班恐慌阈值320、失能阈值640。","当前规范正文；早期原始需求／独立推导未找到，不等于复制认定","来源链不全；不据此判定MEDIUM／HIGH复制风险","未找到完整上游来源"
"COMBAT_RULES","docs/constraints/design/COMBAT_RULES.md","39","9 生命伤亡与压制","失能与冲刺","步兵失能不禁止开火、瞄准、装填或镭射，不暂停进度；装卸正常。状态只修改以下数值，不改变生命、防护、费用、重量或维护：","当前规范正文；早期原始需求／独立推导未找到，不等于复制认定","来源链不全；不据此判定MEDIUM／HIGH复制风险","未找到完整上游来源"
"COMBAT_RULES","docs/constraints/design/COMBAT_RULES.md","41","9 生命伤亡与压制","失能与冲刺","| 属性 | 平静 | 恐慌 | 失能 |","当前规范正文；早期原始需求／独立推导未找到，不等于复制认定","来源链不全；不据此判定MEDIUM／HIGH复制风险","未找到完整上游来源"
"COMBAT_RULES","docs/constraints/design/COMBAT_RULES.md","43","9 生命伤亡与压制","失能与冲刺","| 步兵移速、视野 | ×1 | ×1/2 | ×1/5 |","当前规范正文；早期原始需求／独立推导未找到，不等于复制认定","来源链不全；不据此判定MEDIUM／HIGH复制风险","未找到完整上游来源"
"COMBAT_RULES","docs/constraints/design/COMBAT_RULES.md","44","9 生命伤亡与压制","失能与冲刺","| 瞄准时间 | ×1 | ×2 | ×5 |","当前规范正文；早期原始需求／独立推导未找到，不等于复制认定","来源链不全；不据此判定MEDIUM／HIGH复制风险","未找到完整上游来源"
"COMBAT_RULES","docs/constraints/design/COMBAT_RULES.md","45","9 生命伤亡与压制","失能与冲刺","| 人工装填时间 | ×1 | ×2 | ×5 |","当前规范正文；早期原始需求／独立推导未找到，不等于复制认定","来源链不全；不据此判定MEDIUM／HIGH复制风险","未找到完整上游来源"
"COMBAT_RULES","docs/constraints/design/COMBAT_RULES.md","46","9 生命伤亡与压制","失能与冲刺","| 散布半径 | ×1 | ×2 | ×5 |","当前规范正文；早期原始需求／独立推导未找到，不等于复制认定","来源链不全；不据此判定MEDIUM／HIGH复制风险","未找到完整上游来源"
"COMBAT_RULES","docs/constraints/design/COMBAT_RULES.md","47","9 生命伤亡与压制","失能与冲刺","| 机械装填时间 | ×1 | 不受状态影响 | 不受状态影响 |","当前规范正文；早期原始需求／独立推导未找到，不等于复制认定","来源链不全；不据此判定MEDIUM／HIGH复制风险","未找到完整上游来源"
"COMBAT_RULES","docs/constraints/design/COMBAT_RULES.md","49","9 生命伤亡与压制","失能与冲刺","状态与模块变化保留瞄准／装填已完成比例，按新速度完成剩余进度，不清零或立即完成。已完成瞄准不因状态变化丢失。步兵各人员状态均无自身比例减伤，任务队列可修改。烟雾和冲刺正常可用。","当前规范正文；早期原始需求／独立推导未找到，不等于复制认定","来源链不全；不据此判定MEDIUM／HIGH复制风险","未找到完整上游来源"
"COMBAT_RULES","docs/constraints/design/COMBAT_RULES.md","51","9 生命伤亡与压制","失能与冲刺","冲刺按Z立即给予固定移速增量和持续时间，不另选点。无移动任务则留原地，移速按基础速度×状态倍率＋固定冲刺增速计算，结束后恢复当前状态移速。期间禁瞄准射击，可烟雾；火炮班组禁冲刺。冲刺单位暂退出队形限速，结束后恢复；增益不叠加不刷新，冷却从开始计。具体冲刺增速、持续时间及冷却按单位配置确定。","当前规范正文；早期原始需求／独立推导未找到，不等于复制认定","来源链不全；不据此判定MEDIUM／HIGH复制风险","未找到完整上游来源"
"COMBAT_RULES","docs/constraints/design/COMBAT_RULES.md","57","10 防护弹道与装甲模块","10 防护弹道与装甲模块","动能与化学能防护均≥5，所有弹药穿深与破深最低为5，按命中方向取装甲，步兵四个方向使用相同防护数值，动能／化学防护分别填写。生命归零直接摧毁。P为距离下穿深或破深，A为对应防护，D₀为标伤。","当前规范正文；早期原始需求／独立推导未找到，不等于复制认定","来源链不全；不据此判定MEDIUM／HIGH复制风险","未找到完整上游来源"
"COMBAT_RULES","docs/constraints/design/COMBAT_RULES.md","61","10 防护弹道与装甲模块","动能","实际伤害 = min(穿深 / 抗穿[动能防护], 1) × 标伤。穿深达到或超过防护时造成完整标伤，过穿不额外增伤。","当前规范正文；早期原始需求／独立推导未找到，不等于复制认定","来源链不全；不据此判定MEDIUM／HIGH复制风险","未找到完整上游来源"
"COMBAT_RULES","docs/constraints/design/COMBAT_RULES.md","63","10 防护弹道与装甲模块","动能","统一穿深衰减为 P(d)=max(5, P₀−k ln(1+d/100))。k=(P₀−P_R)/ln(1+R/100)。共享弹药使用同一条曲线，不按各武器最大射程重新归一化。已确认距离锚点见DATA的Ammo表。","当前规范正文；早期原始需求／独立推导未找到，不等于复制认定","来源链不全；不据此判定MEDIUM／HIGH复制风险","未找到完整上游来源"
"COMBAT_RULES","docs/constraints/design/COMBAT_RULES.md","67","10 防护弹道与装甲模块","方向防护","车辆保留前／侧／后／顶四组动能和化学防护。按实际命中时车体朝向及弹丸来向判断，先判顶部：发射武器具攻顶标签或实际命中顶部时取顶部防护。其余按水平方向与车头夹角，≤60°正面、≥135°后方，中间为侧面，左右共用。不单设底部。","当前规范正文；早期原始需求／独立推导未找到，不等于复制认定","来源链不全；不据此判定MEDIUM／HIGH复制风险","未找到完整上游来源"
"COMBAT_RULES","docs/constraints/design/COMBAT_RULES.md","69","10 防护弹道与装甲模块","方向防护","攻顶为武器标签，用于顶部防护结算；爬升俯冲的具体模拟待后续弹丸／制导讨论确认，不绕障、不保证命中、不自动加伤。近失爆炸按爆心相对车辆方向选防护面，先衰减伤害。同一爆炸的直接命中／近失去重与受击面选择见下文“车辆爆炸结算接口”。顶部可比后方更厚，不保证攻顶始终最优。","当前规范正文；早期原始需求／独立推导未找到，不等于复制认定","来源链不全；不据此判定MEDIUM／HIGH复制风险","未找到完整上游来源"
"COMBAT_RULES","docs/constraints/design/COMBAT_RULES.md","73","10 防护弹道与装甲模块","化学能","实际伤害 = 破穿² / （破穿² + 抗破[化学能防护]²） × 标伤。P≤0.1A时伤害按0，P≥10A时按完整标伤，中间区间使用上述公式；范围弹先衰减标伤再应用此规则。破深不随飞行距离衰减。迫击炮按化学能与曲射范围伤害，先距离衰减标伤再防护减伤，统一范围函数如下。","当前规范正文；早期原始需求／独立推导未找到，不等于复制认定","来源链不全；不据此判定MEDIUM／HIGH复制风险","未找到完整上游来源"
"COMBAT_RULES","docs/constraints/design/COMBAT_RULES.md","77","10 防护弹道与装甲模块","统一爆炸距离衰减","所有爆炸武器统一使用归一化平方距离多项式，不设置满伤核心区，不新增弹药专属衰减参数：","当前规范正文；早期原始需求／独立推导未找到，不等于复制认定","来源链不全；不据此判定MEDIUM／HIGH复制风险","未找到完整上游来源"
"COMBAT_RULES","docs/constraints/design/COMBAT_RULES.md","79","10 防护弹道与装甲模块","统一爆炸距离衰减","\[","当前规范正文；早期原始需求／独立推导未找到，不等于复制认定","来源链不全；不据此判定MEDIUM／HIGH复制风险","未找到完整上游来源"
"COMBAT_RULES","docs/constraints/design/COMBAT_RULES.md","80","10 防护弹道与装甲模块","统一爆炸距离衰减","f(r)=\begin{cases}(1-r^2/R^2)^2,&0\le r<R\\0,&r\ge R\end{cases}","当前规范正文；早期原始需求／独立推导未找到，不等于复制认定","来源链不全；不据此判定MEDIUM／HIGH复制风险","未找到完整上游来源"
"COMBAT_RULES","docs/constraints/design/COMBAT_RULES.md","81","10 防护弹道与装甲模块","统一爆炸距离衰减","\]","当前规范正文；早期原始需求／独立推导未找到，不等于复制认定","来源链不全；不据此判定MEDIUM／HIGH复制风险","未找到完整上游来源"
"COMBAT_RULES","docs/constraints/design/COMBAT_RULES.md","83","10 防护弹道与装甲模块","统一爆炸距离衰减","- `r`为目标到爆心的结算距离，`R`为已有爆炸半径；只有爆心处保持完整标伤，半径边缘及外部伤害严格为0。","当前规范正文；早期原始需求／独立推导未找到，不等于复制认定","来源链不全；不据此判定MEDIUM／HIGH复制风险","未找到完整上游来源"
"COMBAT_RULES","docs/constraints/design/COMBAT_RULES.md","84","10 防护弹道与装甲模块","统一爆炸距离衰减","- 先计算有效标伤 `D_eff = D0 × f(r)`，再进入本节化学防护公式；其端点中的“完整标伤”在爆炸结算中指`D_eff`。","当前规范正文；早期原始需求／独立推导未找到，不等于复制认定","来源链不全；不据此判定MEDIUM／HIGH复制风险","未找到完整上游来源"
"COMBAT_RULES","docs/constraints/design/COMBAT_RULES.md","85","10 防护弹道与装甲模块","统一爆炸距离衰减","- 只衰减标伤，不衰减化学破穿`P_c`；端点判断仍使用原始破穿和对应防护。","当前规范正文；早期原始需求／独立推导未找到，不等于复制认定","来源链不全；不据此判定MEDIUM／HIGH复制风险","未找到完整上游来源"
"COMBAT_RULES","docs/constraints/design/COMBAT_RULES.md","86","10 防护弹道与装甲模块","统一爆炸距离衰减","- 在`r/R = 0、0.25、0.5、0.75、0.9、1`处，标伤保留比例依次为`100%、87.890625%、56.25%、19.140625%、3.61%、0%`。","当前规范正文；早期原始需求／独立推导未找到，不等于复制认定","来源链不全；不据此判定MEDIUM／HIGH复制风险","未找到完整上游来源"
"COMBAT_RULES","docs/constraints/design/COMBAT_RULES.md","90","10 防护弹道与装甲模块","爆炸压制接口","- 压制不随距离衰减：至少一名存活成员的逻辑位置满足`r < R`时，该班组承受一次该弹药的完整压制额度。","当前规范正文；早期原始需求／独立推导未找到，不等于复制认定","来源链不全；不据此判定MEDIUM／HIGH复制风险","未找到完整上游来源"
"COMBAT_RULES","docs/constraints/design/COMBAT_RULES.md","91","10 防护弹道与装甲模块","爆炸压制接口","- 不按波及人数相乘；即使多个成员受伤，同一爆炸对该班组也只产生一次压制事件。","当前规范正文；早期原始需求／独立推导未找到，不等于复制认定","来源链不全；不据此判定MEDIUM／HIGH复制风险","未找到完整上游来源"
"COMBAT_RULES","docs/constraints/design/COMBAT_RULES.md","92","10 防护弹道与装甲模块","爆炸压制接口","- 半径边缘及外部不产生压制、不刷新恢复等待；半径内有效事件遵守[第9节](COMBAT_RULES.md#section-9)的Q上限及恢复等待规则。","当前规范正文；早期原始需求／独立推导未找到，不等于复制认定","来源链不全；不据此判定MEDIUM／HIGH复制风险","未找到完整上游来源"
"COMBAT_RULES","docs/constraints/design/COMBAT_RULES.md","93","10 防护弹道与装甲模块","爆炸压制接口","- 生命伤害连续降至0，压制在半径边界存在跳变。","当前规范正文；早期原始需求／独立推导未找到，不等于复制认定","来源链不全；不据此判定MEDIUM／HIGH复制风险","未找到完整上游来源"
"COMBAT_RULES","docs/constraints/design/COMBAT_RULES.md","94","10 防护弹道与装甲模块","爆炸压制接口","- 爆炸形成有效压制事件后，Q钳制、失能处理及恢复等待统一按[第9节](COMBAT_RULES.md#section-9)执行。","当前规范正文；早期原始需求／独立推导未找到，不等于复制认定","来源链不全；不据此判定MEDIUM／HIGH复制风险","未找到完整上游来源"
"COMBAT_RULES","docs/constraints/design/COMBAT_RULES.md","98","10 防护弹道与装甲模块","车辆爆炸结算接口","- 同一次爆炸对同一车辆只结算一次，不叠加直接命中与范围爆炸伤害。","当前规范正文；早期原始需求／独立推导未找到，不等于复制认定","来源链不全；不据此判定MEDIUM／HIGH复制风险","未找到完整上游来源"
"COMBAT_RULES","docs/constraints/design/COMBAT_RULES.md","99","10 防护弹道与装甲模块","车辆爆炸结算接口","- 直接命中使用命中面，爆炸结算距离取0。","当前规范正文；早期原始需求／独立推导未找到，不等于复制认定","来源链不全；不据此判定MEDIUM／HIGH复制风险","未找到完整上游来源"
"COMBAT_RULES","docs/constraints/design/COMBAT_RULES.md","100","10 防护弹道与装甲模块","车辆爆炸结算接口","- 近失爆炸使用同一伤害衰减函数。发射武器声明攻顶时跳过方向判定，直接使用顶部防护；未声明攻顶时一律按实际爆心相对事件时刻车体中心及朝向的方向判面，不使用弹丸来向或最近外形点方向替代爆心方向。前／侧／后判面的水平方向为零（含爆心与车体中心重合）时，按顶部防护，不指定默认正面，不新增方向容差。","本会话用户确认攻顶／爆心方向／零方向顶部及仅范围伤害；任务006/007","LOW","本会话可见明确决定"
"COMBAT_RULES","docs/constraints/design/COMBAT_RULES.md","101","10 防护弹道与装甲模块","车辆爆炸结算接口","- 近失距离优先采用爆心到车辆已有逻辑外形的最近距离；能否复用现有空间查询及具体距离接口仍待项目结构核对，不新增车辆尺寸字段，不视为已完成实现。","当前规范正文；早期原始需求／独立推导未找到，不等于复制认定","来源链不全；不据此判定MEDIUM／HIGH复制风险","未找到完整上游来源"
"COMBAT_RULES","docs/constraints/design/COMBAT_RULES.md","105","10 防护弹道与装甲模块","爆炸事件结算","爆炸弹直接命中步兵班时，仅按实际爆点与各存活成员逻辑位置计算范围伤害，不额外叠加一次直击伤害；非爆炸弹继续按第9节选一名存活成员。","本会话用户确认攻顶／爆心方向／零方向顶部及仅范围伤害；任务006/007","LOW","本会话可见明确决定"
"COMBAT_RULES","docs/constraints/design/COMBAT_RULES.md","107","10 防护弹道与装甲模块","爆炸事件结算","爆炸发生时，对人员生命按各自逻辑位置结算，对每辆车辆结算一次，对每个班组汇总一次压制；不以逐帧重复伤害表达同一次爆炸。精确空间求交接口仍待定。","当前规范正文；早期原始需求／独立推导未找到，不等于复制认定","来源链不全；不据此判定MEDIUM／HIGH复制风险","未找到完整上游来源"
"COMBAT_RULES","docs/constraints/design/COMBAT_RULES.md","109","10 防护弹道与装甲模块","爆炸事件结算","| 模块 | 正常 | 轻度受损 | 重度受损 |","当前规范正文；早期原始需求／独立推导未找到，不等于复制认定","来源链不全；不据此判定MEDIUM／HIGH复制风险","未找到完整上游来源"
"COMBAT_RULES","docs/constraints/design/COMBAT_RULES.md","111","10 防护弹道与装甲模块","爆炸事件结算","| 观瞄 | 正常 | 视野×1/2、瞄准时间×2 | 视野×1/5、瞄准时间×5 |","当前规范正文；早期原始需求／独立推导未找到，不等于复制认定","来源链不全；不据此判定MEDIUM／HIGH复制风险","未找到完整上游来源"
"COMBAT_RULES","docs/constraints/design/COMBAT_RULES.md","112","10 防护弹道与装甲模块","爆炸事件结算","| 人员状态 | 平静 | 恐慌 | 失能 |","当前规范正文；早期原始需求／独立推导未找到，不等于复制认定","来源链不全；不据此判定MEDIUM／HIGH复制风险","未找到完整上游来源"
"COMBAT_RULES","docs/constraints/design/COMBAT_RULES.md","113","10 防护弹道与装甲模块","爆炸事件结算","| 装填 | 正常 | 装填时间×2 | 装填时间×5 |","当前规范正文；早期原始需求／独立推导未找到，不等于复制认定","来源链不全；不据此判定MEDIUM／HIGH复制风险","未找到完整上游来源"
"COMBAT_RULES","docs/constraints/design/COMBAT_RULES.md","114","10 防护弹道与装甲模块","爆炸事件结算","| 机动 | 正常 | 移速×1/2 | 移速×1/5 |","当前规范正文；早期原始需求／独立推导未找到，不等于复制认定","来源链不全；不据此判定MEDIUM／HIGH复制风险","未找到完整上游来源"
"COMBAT_RULES","docs/constraints/design/COMBAT_RULES.md","116","10 防护弹道与装甲模块","爆炸事件结算","人员状态与其他模块同样由满足破坏资格的命中累计量表后随机升级及模块维修处理，无独立装甲压制量表。装甲恐慌／失能使瞄准时间与散布半径分别×2／×5，并使人工装填时间×2／×5；不另叠加视野或机动减速，后者由各自模块控制。","当前规范正文；早期原始需求／独立推导未找到，不等于复制认定","来源链不全；不据此判定MEDIUM／HIGH复制风险","未找到完整上游来源"
"COMBAT_RULES","docs/constraints/design/COMBAT_RULES.md","118","10 防护弹道与装甲模块","爆炸事件结算","人工装填受人员状态及装填模块两者乘算影响；机械装填仅受装填模块影响，不被人员状态暂停。连射武器基础换弹时间见[第24A节](COMBAT_RULES.md#section-24a)；连射仅为设计分类，不增加游戏标签或分类字段。观瞄模块瞄准惩罚与人员状态瞄准惩罚乘算。","当前规范正文；早期原始需求／独立推导未找到，不等于复制认定","来源链不全；不据此判定MEDIUM／HIGH复制风险","未找到完整上游来源"
"COMBAT_RULES","docs/constraints/design/COMBAT_RULES.md","120","10 防护弹道与装甲模块","爆炸事件结算","具有模块破坏值的弹药满足破坏资格才累计：动能要求P≥A，反甲化学能要求P≥0.5A；生命伤害仍按各自公式。公共量表阈值T=100，每满阈值T从未重伤模块随机升级一级，扣阈值保余量；单击可多次，四模块正常到全重伤共8次即8T。每完成一个模块损伤等级的修复，公共破坏量表清零；开始维修或中断不清零，单纯恢复生命不清零。全部模块重伤后停止累计并舍弃余量，修复出可受损模块后新击穿恢复累计。不增加外部破坏值；高爆反人员弹无模块破坏值，不累计量表。满生命不消除模块伤。机械装填重伤不再停止，仅时间×5；状态与维修变化保持当前完成比例。","当前规范正文；早期原始需求／独立推导未找到，不等于复制认定","来源链不全；不据此判定MEDIUM／HIGH复制风险","未找到完整上游来源"
"COMBAT_RULES","docs/constraints/design/COMBAT_RULES.md","122","10 防护弹道与装甲模块","爆炸事件结算","四模块改为观瞄／人员状态／装填／机动，旧维修顺序中的引擎映射机动；观瞄合并与新增人员状态后的完整维修优先级待重新确认，不自行推定，获得资源的模块可并行。须停车停火，命中或有效近爆中断未完成计时，安全后重来；完成扣费，已修保留。","当前规范正文；早期原始需求／独立推导未找到，不等于复制认定","来源链不全；不据此判定MEDIUM／HIGH复制风险","未找到完整上游来源"
"COMBAT_RULES","docs/constraints/design/COMBAT_RULES.md","124","10 防护弹道与装甲模块","爆炸事件结算","弹药及装甲有碰撞体积，步兵班组共用碰撞体并保留个人逻辑位置。APS可选，全向简化，资格按武器类型，次数冷却型号独立；其他参数待定。","当前规范正文；早期原始需求／独立推导未找到，不等于复制认定","来源链不全；不据此判定MEDIUM／HIGH复制风险","未找到完整上游来源"
"COMBAT_RULES","docs/constraints/design/COMBAT_RULES.md","130","12 视野目标与开火","12 视野目标与开火","单位独立视野，侦察更高，具体数值后定。地形遮挡，并按[第23节](WORLD_VISIBILITY.md#section-23)隐蔽倍率确定发现距离，不增加随机探测概率；同队共享视野。补给点无视野，乘客不额外提供视野。敌离开后灰色最后位置不更新生命位置；照亮旧位置未发现即清标记，不可直接单位攻击，可强制攻击地面。命中反馈统一处理，不另设强制攻击专用反馈规则。","当前规范正文；早期原始需求／独立推导未找到，不等于复制认定","来源链不全；不据此判定MEDIUM／HIGH复制风险","未找到完整上游来源"
"COMBAT_RULES","docs/constraints/design/COMBAT_RULES.md","134","12 视野目标与开火","选敌与接近","手动目标优先。局外自动策略选最近或最高伤害效率，后者按经防护预计有效伤害比较，不按价值分；同效率选最近。各武器独立，只选可见、射程内及路径有效目标；已有目标保持到失效，不因更优敌人出现反复切换。","当前规范正文；早期原始需求／独立推导未找到，不等于复制认定","来源链不全；不据此判定MEDIUM／HIGH复制风险","未找到完整上游来源"
"COMBAT_RULES","docs/constraints/design/COMBAT_RULES.md","136","12 视野目标与开火","选敌与接近","局外接近策略选最长武器可开火或全部适用武器可开火。只计启用、有弹且能攻击该目标的武器，PDW正常参与。接近是初次开火准备，不是追击；到位后目标出射程不跟随，所有攻击都不追击。恢复短射程武器不再次前进。目标失视停止指定攻击并执行后续队列。","当前规范正文；早期原始需求／独立推导未找到，不等于复制认定","来源链不全；不据此判定MEDIUM／HIGH复制风险","未找到完整上游来源"
"COMBAT_RULES","docs/constraints/design/COMBAT_RULES.md","140","12 视野目标与开火","火炮与路径","地面曲射火力（弹道导弹除外）不自动开火，只接受T；目标超射程可初次接近最大射程，移速0无法自行接近。曲射只在发射前检查射程及弹道解算可达性，不预模拟整条路径进行障碍拒射；发射后按[第18节](PROJECTILES.md#section-18)实际碰撞结算。不自动找绕障射击点。直射保持既有发射前无遮挡检查，间接可越障但不保证路径畅通。地面目标可不可见。火炮无射界限制、无架设撤收时间，转向属于瞄准过程并与瞄准同步，瞄准配置必须容纳所需转向，不额外串行增加转向时间。","当前规范正文；早期原始需求／独立推导未找到，不等于复制认定","来源链不全；不据此判定MEDIUM／HIGH复制风险","未找到完整上游来源"
"COMBAT_RULES","docs/constraints/design/COMBAT_RULES.md","142","12 视野目标与开火","火炮与路径","炮塔／同轴的共享朝向、转速、目标优先级及炮口就绪条件统一见[第24A节](COMBAT_RULES.md#section-24a)“底盘机动、转向与车载武器”；独立站自行转向。","当前规范正文；早期原始需求／独立推导未找到，不等于复制认定","来源链不全；不据此判定MEDIUM／HIGH复制风险","未找到完整上游来源"
"COMBAT_RULES","docs/constraints/design/COMBAT_RULES.md","146","12 视野目标与开火","仅还击","H开启后受伤害或压制前全部武器禁止开火，不积累瞄准或自动接近。受击解锁当前范围目标，安全一段时间重锁，受击刷新计时；时长待定。手动任务不绕过限制，火炮仍需T。H重启清触发，关闭不启用停用武器。","当前规范正文；早期原始需求／独立推导未找到，不等于复制认定","来源链不全；不据此判定MEDIUM／HIGH复制风险","未找到完整上游来源"
"COMBAT_RULES","docs/constraints/design/COMBAT_RULES.md","152","13 武器瞄准弹药与烟雾","13 武器瞄准弹药与烟雾","武器按[第24A节](COMBAT_RULES.md#section-24a)定义的运行通道执行移动射击资格、瞄准、装填与开火。开火须通道启用、状态允许、弹药足够、目标有效、仅还击许可；火炮另需命令。信息面板可统一启停同型号武器，任何新指令不改变开关。","当前规范正文；早期原始需求／独立推导未找到，不等于复制认定","来源链不全；不据此判定MEDIUM／HIGH复制风险","未找到完整上游来源"
"COMBAT_RULES","docs/constraints/design/COMBAT_RULES.md","156","13 武器瞄准弹药与烟雾","瞄准与装填","除地面曲射火力外的武器持续同目标瞄准一次后按射速装填连续射击；换目标或失视清瞄准。地面曲射火力的任务级瞄准及等待规则以[第19节](COMBAT_RULES.md#section-19)为准。禁移动射击武器移动清零，支持者可移动瞄准。停用、冲刺清瞄准；恐慌、失能只改变完成速度及散布，保留进度。瞄准与装填并行，两者完成才开火。","当前规范正文；早期原始需求／独立推导未找到，不等于复制认定","来源链不全；不据此判定MEDIUM／HIGH复制风险","未找到完整上游来源"
"COMBAT_RULES","docs/constraints/design/COMBAT_RULES.md","158","13 武器瞄准弹药与烟雾","瞄准与装填","待发与实际库存的关系、发射扣弹及换弹语义统一见[第24A节](COMBAT_RULES.md#section-24a)“多弹种与装填通则”。补给只增加弹药库存，不缩短装填。换目标、失视、停攻击不重置装填，停用仍可装填；失能不暂停，待发计数保留。机械装填重伤只改变速度，不重置进度。弹匣齐射容量独立配置。","当前规范正文；早期原始需求／独立推导未找到，不等于复制认定","来源链不全；不据此判定MEDIUM／HIGH复制风险","未找到完整上游来源"
"COMBAT_RULES","docs/constraints/design/COMBAT_RULES.md","160","13 武器瞄准弹药与烟雾","瞄准与装填","部分缺弹其他继续，全缺弹不自行找补给。手动攻击保留等待，补弹重新瞄准但不接近；攻击移动缺弹继续路线；火炮等待。目标灭完成，失视结束指定目标任务。","当前规范正文；早期原始需求／独立推导未找到，不等于复制认定","来源链不全；不据此判定MEDIUM／HIGH复制风险","未找到完整上游来源"
"COMBAT_RULES","docs/constraints/design/COMBAT_RULES.md","164","13 武器瞄准弹药与烟雾","烟雾","X步兵车辆在自身位置释放，无投掷选点，不覆盖任务。失能与恐慌可用。烟雾遮断双方观察不挡实体和弹丸，其他友军有视野可保持目标可见；射手烟雾遮挡停止自动直射，可强制打地面；间接地面任务不取消。不直接解异常。","当前规范正文；早期原始需求／独立推导未找到，不等于复制认定","来源链不全；不据此判定MEDIUM／HIGH复制风险","未找到完整上游来源"
"COMBAT_RULES","docs/constraints/design/COMBAT_RULES.md","166","13 武器瞄准弹药与烟雾","烟雾","每单位独立库存和CD，成功扣弹开始冷却，补弹不重置CD，重叠各自计时不增强遮蔽。多选可用者释放、无库存冷却者跳过，共键冲突整组不执行。按钮显示CD条与可用数量，全部冷却显示最早恢复者；具体范围时长消耗后定。","当前规范正文；早期原始需求／独立推导未找到，不等于复制认定","来源链不全；不据此判定MEDIUM／HIGH复制风险","未找到完整上游来源"
"COMBAT_RULES","docs/constraints/design/COMBAT_RULES.md","172","19 火炮T菜单与炮击任务","19 火炮T菜单与炮击任务","所有地面曲射火力（包括迫击炮、身管火炮、火箭炮）共用以下T菜单与炮击任务规则，仅通过T命令开火；弹道导弹除外，其精确打击机制另行确定。二级菜单覆盖原命令区位置。T与未来导弹精确打击、飞机精确投弹沿用共键互斥规则。","当前规范正文；早期原始需求／独立推导未找到，不等于复制认定","来源链不全；不据此判定MEDIUM／HIGH复制风险","未找到完整上游来源"
"COMBAT_RULES","docs/constraints/design/COMBAT_RULES.md","174","19 火炮T菜单与炮击任务","19 火炮T菜单与炮击任务","| 弹种 | 默认 | 烟雾 | 制导 |","当前规范正文；早期原始需求／独立推导未找到，不等于复制认定","来源链不全；不据此判定MEDIUM／HIGH复制风险","未找到完整上游来源"
"COMBAT_RULES","docs/constraints/design/COMBAT_RULES.md","176","19 火炮T菜单与炮击任务","19 火炮T菜单与炮击任务","| 范围模式 | 单点 | 跟踪 | 徐进 |","当前规范正文；早期原始需求／独立推导未找到，不等于复制认定","来源链不全；不据此判定MEDIUM／HIGH复制风险","未找到完整上游来源"
"COMBAT_RULES","docs/constraints/design/COMBAT_RULES.md","177","19 火炮T菜单与炮击任务","19 火炮T菜单与炮击任务","| 射击数量 | 一发 | 三发 | 全弹 |","当前规范正文；早期原始需求／独立推导未找到，不等于复制认定","来源链不全；不据此判定MEDIUM／HIGH复制风险","未找到完整上游来源"
"COMBAT_RULES","docs/constraints/design/COMBAT_RULES.md","179","19 火炮T菜单与炮击任务","19 火炮T菜单与炮击任务","每行单选并高亮。未携带弹种不显示对应按钮，位置留空，不移动其他按钮；已携带但耗尽保留置灰。多选显示弹种合集，命令只由携带对应弹种的单位执行，其他跳过并汇总提示。默认指该配置常规炮弹，不自动切烟雾或制导。制导不禁用任何范围模式。","当前规范正文；早期原始需求／独立推导未找到，不等于复制认定","来源链不全；不据此判定MEDIUM／HIGH复制风险","未找到完整上游来源"
"COMBAT_RULES","docs/constraints/design/COMBAT_RULES.md","181","19 火炮T菜单与炮击任务","19 火炮T菜单与炮击任务","局外设置默认三行选项，以及下次任务沿用上次选项或恢复默认。打开菜单与调整选项不影响当前任务；右键确认地图目标才替换或Shift追加。E只退出菜单交互。每项任务保存确认时设置，之后改菜单不改变已有任务。","当前规范正文；早期原始需求／独立推导未找到，不等于复制认定","来源链不全；不据此判定MEDIUM／HIGH复制风险","未找到完整上游来源"
"COMBAT_RULES","docs/constraints/design/COMBAT_RULES.md","185","19 火炮T菜单与炮击任务","单点／跟踪／徐进","单点攻击固定位置。目标超射程初次移动至最大射程，移速0无法接近则拒绝；无有效高弹道解则拒绝，不另找阵地；路径障碍按发射后实际碰撞结算。","当前规范正文；早期原始需求／独立推导未找到，不等于复制认定","来源链不全；不据此判定MEDIUM／HIGH复制风险","未找到完整上游来源"
"COMBAT_RULES","docs/constraints/design/COMBAT_RULES.md","187","19 火炮T菜单与炮击任务","单点／跟踪／徐进","跟踪以右键拖出圆形区域、松开确认，区域半径上下限待定。每次发射前从区域内被点亮或有最后已知位置的敌人选目标，优先当前可见，其次最后已知，同级轮流分配。当前可见用最新位置，失视用最后已知，不获取隐藏真实位置。可见目标离开区域后不再攻击；旧位置重新照亮且确认无目标时清记录。区域无目标则等待，不自动跳下一队列任务。","当前规范正文；早期原始需求／独立推导未找到，不等于复制认定","来源链不全；不据此判定MEDIUM／HIGH复制风险","未找到完整上游来源"
"COMBAT_RULES","docs/constraints/design/COMBAT_RULES.md","189","19 火炮T菜单与炮击任务","单点／跟踪／徐进","跟踪以中心点作为首次接近依据，进入其最大射程后停下，仅选区域内且在自身射程内目标，不继续追击。多炮尽量分配不同目标，目标少时允许重复；每次检查射程及弹道解算可达性，无有效解的目标跳过；不以路径障碍预模拟拒射。","当前规范正文；早期原始需求／独立推导未找到，不等于复制认定","来源链不全；不据此判定MEDIUM／HIGH复制风险","未找到完整上游来源"
"COMBAT_RULES","docs/constraints/design/COMBAT_RULES.md","191","19 火炮T菜单与炮击任务","单点／跟踪／徐进","徐进以右键从起点拖到终点确认，红色虚线显示方向。沿线推进，不要求目标可见，不因发现敌人偏离。一发射起点；三发射起点／中点／终点；全弹按本次数量均匀覆盖全线。多门炮各自走完整路线，不互等。首次接近须使全线均处于射程内，找不到可执行位置则拒绝并提示。超射程或无有效弹道解的落点跳过，不耗弹不计已发射次数；已发弹丸遭障碍阻挡仍按实际发射计数并耗弹，到路线终点结束，取消未完成轮数，不自动重复。","当前规范正文；早期原始需求／独立推导未找到，不等于复制认定","来源链不全；不据此判定MEDIUM／HIGH复制风险","未找到完整上游来源"
"COMBAT_RULES","docs/constraints/design/COMBAT_RULES.md","193","19 火炮T菜单与炮击任务","单点／跟踪／徐进","烟雾沿用相同落点规则，不判断己方掩护需求。徐进不会自动生成或移动镭射标记；弹丸如何使用标记待后续制导讨论确认。","当前规范正文；早期原始需求／独立推导未找到，不等于复制认定","来源链不全；不据此判定MEDIUM／HIGH复制风险","未找到完整上游来源"
"COMBAT_RULES","docs/constraints/design/COMBAT_RULES.md","197","19 火炮T菜单与炮击任务","数量与打断","一发／三发按每门炮实际发射的弹丸数量计算，不按整轮齐射计算；四门三发共十二发，火箭炮三发即三枚火箭。连续发射间隔、待发容量及整组装填时间按武器配置设置，不增加操作菜单。跟踪数量是每门炮整个任务的预算，不是每个目标各打一轮。全弹取每门炮开始执行时所选弹种的实际弹药库存总量（不另加待发计数），途中补给不追加；需要重新装填时任务继续等待。三发不足则打完现有弹药结束并提示。各炮独立瞄准装填完成任务，不强制齐射。","当前规范正文；早期原始需求／独立推导未找到，不等于复制认定","来源链不全；不据此判定MEDIUM／HIGH复制风险","未找到完整上游来源"
"COMBAT_RULES","docs/constraints/design/COMBAT_RULES.md","199","19 火炮T菜单与炮击任务","数量与打断","普通移动、快速移动、倒车、新炮击命令替换当前炮击任务并取消剩余数量；Shift追加在任务完成后执行。已发炮弹继续存在；制导行为待后续讨论确认。移动清瞄准，装填沿用武器规则；停止后不恢复已替换任务。跟踪等待可通过E取消，E清队列规则不变。","当前规范正文；早期原始需求／独立推导未找到，不等于复制认定","来源链不全；不据此判定MEDIUM／HIGH复制风险","未找到完整上游来源"
"COMBAT_RULES","docs/constraints/design/COMBAT_RULES.md","203","19 火炮T菜单与炮击任务","瞄准与散布","每项地面曲射任务开始时仅进行一次完整瞄准。同一任务内跟踪更换目标、徐进推进落点不重新瞄准，不增加落点调整时间；后续发射只受装填及武器连续发射间隔限制，仍须朝向就绪才发射，转向与其他准备并行。无目标或弹道受阻等待时保留已完成瞄准。移动或替换任务清除瞄准进度；失能不清除瞄准，只应用状态惩罚；开始新任务或从中断恢复炮击时重新完整瞄准。无架设撤收时间及射界限制。","当前规范正文；早期原始需求／独立推导未找到，不等于复制认定","来源链不全；不据此判定MEDIUM／HIGH复制风险","未找到完整上游来源"
"COMBAT_RULES","docs/constraints/design/COMBAT_RULES.md","205","19 火炮T菜单与炮击任务","瞄准与散布","每次发射独立计算散布：单点围绕固定点，跟踪围绕本次选取的目标位置，徐进围绕本次路线落点。散布范围按武器与弹种设置，数值待定；暂不加入连续射击精度递增、校射或额外散布模式。","当前规范正文；早期原始需求／独立推导未找到，不等于复制认定","来源链不全；不据此判定MEDIUM／HIGH复制风险","未找到完整上游来源"
"COMBAT_RULES","docs/constraints/design/COMBAT_RULES.md","207","19 火炮T菜单与炮击任务","瞄准与散布","制导相关的具体发射、激活及引导行为待后续讨论确认，不沿用历史100米激活规则作为现行要求。","当前规范正文；早期原始需求／独立推导未找到，不等于复制认定","来源链不全；不据此判定MEDIUM／HIGH复制风险","未找到完整上游来源"
"COMBAT_RULES","docs/constraints/design/COMBAT_RULES.md","215","20 镭射指示","命令与照射资格","携带设备单位按Y后右键敌方单位或地面位置。单位标记随可见目标移动，地面标记位置固定。每套设备一个标记，新任务替换旧任务。多选有设备者执行，无设备者忽略。","当前规范正文；早期原始需求／独立推导未找到，不等于复制认定","来源链不全；不据此判定MEDIUM／HIGH复制风险","未找到完整上游来源"
"COMBAT_RULES","docs/constraints/design/COMBAT_RULES.md","217","20 镭射指示","命令与照射资格","镭射是普通任务：直接下达打断移动并停车；Shift加入队列，前项完成后执行。新普通命令替换后停止照射。选目标交互中E只退出交互，其他情况下E清任务并停止照射。","当前规范正文；早期原始需求／独立推导未找到，不等于复制认定","来源链不全；不据此判定MEDIUM／HIGH复制风险","未找到完整上游来源"
"COMBAT_RULES","docs/constraints/design/COMBAT_RULES.md","219","20 镭射指示","命令与照射资格","所有设备移动中不能照射。步兵照射距离2000米，载具3000米。与武器独立，其他武器可以正常开火，仅还击不限制照射。恐慌与失能不直接中断；搭载或单位被毁中断。搭载是否保存任务遵循后续运输命令与队列结果。","当前规范正文；早期原始需求／独立推导未找到，不等于复制认定","来源链不全；不据此判定MEDIUM／HIGH复制风险","未找到完整上游来源"
"COMBAT_RULES","docs/constraints/design/COMBAT_RULES.md","221","20 镭射指示","命令与照射资格","超距离、失视或地形烟雾遮挡时暂停照射并保留任务，不自动接近或追击。恢复有效条件后自动照射。单位目标被毁任务结束继续队列；地面目标持续直到取消或替换。炮弹命中不结束照射。镭射不增加视野，不揭示周围敌人。地面点可照射但必须满足距离和遮挡条件。","当前规范正文；早期原始需求／独立推导未找到，不等于复制认定","来源链不全；不据此判定MEDIUM／HIGH复制风险","未找到完整上游来源"
"COMBAT_RULES","docs/constraints/design/COMBAT_RULES.md","225","20 镭射指示","标签与表现","| 状态或特效 | 规则 | 可见性 |","当前规范正文；早期原始需求／独立推导未找到，不等于复制认定","来源链不全；不据此判定MEDIUM／HIGH复制风险","未找到完整上游来源"
"COMBAT_RULES","docs/constraints/design/COMBAT_RULES.md","227","20 镭射指示","标签与表现","| 被镭射标记标签 | 仅有效照射时用于引导判断 | 仅服务器，不向玩家显示标签 |","当前规范正文；早期原始需求／独立推导未找到，不等于复制认定","来源链不全；不据此判定MEDIUM／HIGH复制风险","未找到完整上游来源"
"COMBAT_RULES","docs/constraints/design/COMBAT_RULES.md","228","20 镭射指示","标签与表现","| 绿色照射实线 | 照射者连接单位目标或地面点，受阻消失 | 照射者所属玩家 |","当前规范正文；早期原始需求／独立推导未找到，不等于复制认定","来源链不全；不据此判定MEDIUM／HIGH复制风险","未找到完整上游来源"
"COMBAT_RULES","docs/constraints/design/COMBAT_RULES.md","229","20 镭射指示","标签与表现","| 兵牌左侧镭射工作状态槽：有效状态 | 正在有效照射 | 照射者所属玩家 |","当前规范正文；早期原始需求／独立推导未找到，不等于复制认定","来源链不全；不据此判定MEDIUM／HIGH复制风险","未找到完整上游来源"
"COMBAT_RULES","docs/constraints/design/COMBAT_RULES.md","230","20 镭射指示","标签与表现","| 兵牌左侧镭射工作状态槽：暂停状态 | 任务仍在，但暂不能照射 | 照射者所属玩家 |","当前规范正文；早期原始需求／独立推导未找到，不等于复制认定","来源链不全；不据此判定MEDIUM／HIGH复制风险","未找到完整上游来源"
"COMBAT_RULES","docs/constraints/design/COMBAT_RULES.md","232","20 镭射指示","标签与表现","取消照射移除绿线和指示器。制导连线表现待后续制导讨论确认。文字提示进入右侧战场信息栏，不增加悬停提示。","当前规范正文；早期原始需求／独立推导未找到，不等于复制认定","来源链不全；不据此判定MEDIUM／HIGH复制风险","未找到完整上游来源"
"COMBAT_RULES","docs/constraints/design/COMBAT_RULES.md","236","20 镭射指示","弹丸使用标记、激活与失锁：待定","镭射命令、照射资格、有效标记及照射表现保留；弹丸使用标记的条件、激活距离、候选选择、转向、锁定／失锁／复锁、引导连线和多照射来源对引导的作用，统一待后续弹丸／制导讨论确认。尚未确认的方案不作为当前制导方式的取值或规则。","当前规范正文；早期原始需求／独立推导未找到，不等于复制认定","来源链不全；不据此判定MEDIUM／HIGH复制风险","未找到完整上游来源"
"COMBAT_RULES","docs/constraints/design/COMBAT_RULES.md","244","24A 通用武器机制与配置引用","目标类型与攻击资格","目标类型独立于组卡类别、生命伤亡及运输规则，分为步兵、地面载具、直升机、固定翼飞机、掩体工事。步兵包括普通班组、架设武器班组及撤离人员；掩体工事包括房屋、障碍物、补给点等可攻击对象。树林与烟雾不因此成为攻击目标。“场景实体”仍作为地图对象统称。","当前规范正文；早期原始需求／独立推导未找到，不等于复制认定","来源链不全；不据此判定MEDIUM／HIGH复制风险","未找到完整上游来源"
"COMBAT_RULES","docs/constraints/design/COMBAT_RULES.md","246","24A 通用武器机制与配置引用","目标类型与攻击资格","每把武器配置允许攻击的目标类型列表，先检查选敌与单位目标开火资格，再选弹。该列表不提供碰撞或伤害免疫；合法发射的弹丸误中其他类型仍正常结算。G指定单位仍检查攻击资格；G对地面位置可强制开火，不增加“允许地面强制开火”属性。反甲武器的反人能力由数值限制。","当前规范正文；早期原始需求／独立推导未找到，不等于复制认定","来源链不全；不据此判定MEDIUM／HIGH复制风险","未找到完整上游来源"
"COMBAT_RULES","docs/constraints/design/COMBAT_RULES.md","250","24A 通用武器机制与配置引用","多弹种与装填通则","待发仅为火力流程计数，用于判断何时需要重新装填，不是独立弹药库存。实际发射才扣除对应弹种库存；换弹恢复待发计数，不转移、不重复扣除、不增加库存。","当前规范正文；早期原始需求／独立推导未找到，不等于复制认定","来源链不全；不据此判定MEDIUM／HIGH复制风险","未找到完整上游来源"
"COMBAT_RULES","docs/constraints/design/COMBAT_RULES.md","252","24A 通用武器机制与配置引用","多弹种与装填通则","所有武器统一把装填视为开火准备，已装填状态不锁定弹种。发射瞬间从有库存、满足攻击资格的弹种中按对当前目标的预期有效单发伤害选择并扣库存；考虑命中面防护、当前距离穿深、适用比例减伤与减伤无视。剩余数量不影响排序，库存不足一次结算消耗量时排除；高爆反人员弹允许攻击装甲。相同伤害沿用上次弹种，首次按配置顺序。不增加独立选弹任务、切换动作或等待，不因换弹种清零装填或重新装填。","当前规范正文；早期原始需求／独立推导未找到，不等于复制认定","来源链不全；不据此判定MEDIUM／HIGH复制风险","未找到完整上游来源"
"COMBAT_RULES","docs/constraints/design/COMBAT_RULES.md","254","24A 通用武器机制与配置引用","多弹种与装填通则","多弹种共用所属运行武器通道的装填进度与待发容量，库存分别显示。弹匣类仍保留容量、不满弹匣及换弹规则。不同武器通道可同时开火，不在不同武器之间择一停火；不采用“单位任一时刻只能有一种武器开火”的跨武器互斥规则。自动选敌的最近／最高伤害效率策略保持独立。","当前规范正文；早期原始需求／独立推导未找到，不等于复制认定","来源链不全；不据此判定MEDIUM／HIGH复制风险","未找到完整上游来源"
"COMBAT_RULES","docs/constraints/design/COMBAT_RULES.md","256","24A 通用武器机制与配置引用","多弹种与装填通则","武器本体定义性能、槽位、最低操作人数及资格；携带数量归单位分配配置，不固定在武器定义上。步兵班组内相同武器定义的配置数量合并进入同一运行武器通道，不因数量N生成N套完整射击状态，也不自动形成N枚同时齐射。通道数量用于提高该型号的单位时间火力输出；具体射击仍按该通道的射击间隔逐次产生。不同武器定义保持不同通道，可并行工作。配置数量为生成时确定的固定值，不因战斗减员或当前剩余弹药动态改变；减员造成的火力效率变化通过已有人员状态、恐慌／失能及最低操作资格等规则处理，不重新拆分或重建同型号通道。车辆炮塔、车体武器槽及其他明确安装关系继续按各自安装结构运行，不由本条自动合并。","当前规范正文；早期原始需求／独立推导未找到，不等于复制认定","来源链不全；不据此判定MEDIUM／HIGH复制风险","未找到完整上游来源"
"COMBAT_RULES","docs/constraints/design/COMBAT_RULES.md","262","24A 通用武器机制与配置引用","设计分类","步兵武器按设计用途分为普通武器与班组武器。当前普通武器仅包括基础步枪、个人防卫武器（PDW）和一次性火箭弹；除非后续规则明确声明为普通武器，其他现有或新增步兵武器默认视为班组武器。轻机枪、无后坐力炮、射手步枪与霰弹枪均属于班组武器。","当前规范正文；早期原始需求／独立推导未找到，不等于复制认定","来源链不全；不据此判定MEDIUM／HIGH复制风险","未找到完整上游来源"
"COMBAT_RULES","docs/constraints/design/COMBAT_RULES.md","264","24A 通用武器机制与配置引用","设计分类","武器设计分类与武器槽位、最低操作人数分别生效。一次性火箭弹属于普通武器，但仍占1个副武器槽；无后坐力炮属于班组武器，占1个主武器槽＋1个副武器槽。特殊装备是独立概念，不因武器属于班组武器而自动产生特殊装备占用。","当前规范正文；早期原始需求／独立推导未找到，不等于复制认定","来源链不全；不据此判定MEDIUM／HIGH复制风险","未找到完整上游来源"
"COMBAT_RULES","docs/constraints/design/COMBAT_RULES.md","268","24A 通用武器机制与配置引用","独立武器配置引用","独立武器的射程、有效射速、容量、压制、槽位、最低操作人数和特殊装备重量见DATA的Weapons与Ammo表。有效射速rpm表示每分钟消耗的实际弹药，不是机械循环射速。车载加强型M249的散布相对步兵M249按DATA比例配置；二者除已声明差异外使用相同相关弹药参数。","当前规范正文；早期原始需求／独立推导未找到，不等于复制认定","来源链不全；不据此判定MEDIUM／HIGH复制风险","未找到完整上游来源"
"COMBAT_RULES","docs/constraints/design/COMBAT_RULES.md","270","24A 通用武器机制与配置引用","独立武器配置引用","枪械散布、发射采样、实际碰撞与动能路径距离影响统一按[第18节](PROJECTILES.md#section-18)。","当前规范正文；早期原始需求／独立推导未找到，不等于复制认定","来源链不全；不据此判定MEDIUM／HIGH复制风险","未找到完整上游来源"
"COMBAT_RULES","docs/constraints/design/COMBAT_RULES.md","272","24A 通用武器机制与配置引用","独立武器配置引用","无后坐力炮与一次性火箭弹的操作人数、槽位、射程、瞄准及准备时间见DATA。制导方式未配置；当前二者均不具备攻顶资格。一次性火箭弹通道间隔按下文专用公式，不以示例折算值作为全局固有参数。","当前规范正文；早期原始需求／独立推导未找到，不等于复制认定","来源链不全；不据此判定MEDIUM／HIGH复制风险","未找到完整上游来源"
"COMBAT_RULES","docs/constraints/design/COMBAT_RULES.md","274","24A 通用武器机制与配置引用","独立武器配置引用","无后坐力炮可重复使用，不属于架设武器操作班组，不自动取消班组烟雾资格。特殊型号可另设操作人数、槽位和额外重量。室内发射沿用房屋中心及忽略所在房屋碰撞规则。","当前规范正文；早期原始需求／独立推导未找到，不等于复制认定","来源链不全；不据此判定MEDIUM／HIGH复制风险","未找到完整上游来源"
"COMBAT_RULES","docs/constraints/design/COMBAT_RULES.md","276","24A 通用武器机制与配置引用","独立武器配置引用","无后坐力炮初始弹药数量见DATA；出场就绪，不额外增加待发库存，不为已装填弹药区分弹种。一次性火箭弹每次消耗一具，补给可恢复库存；携带数量由班组配置决定，不设全局固定数量。一次性火箭弹的基础实际发射间隔＝该武器面板准备时间÷单位配置中的发射器数量；除数使用生成时的初始／配置发射器数量，战斗中不随剩余库存、补给或班组减员变化。恐慌、失能等人员状态继续通过既有装填／准备完成速度倍率影响该通道，不为每具发射器维护独立准备状态。","当前规范正文；早期原始需求／独立推导未找到，不等于复制认定","来源链不全；不据此判定MEDIUM／HIGH复制风险","未找到完整上游来源"
"COMBAT_RULES","docs/constraints/design/COMBAT_RULES.md","278","24A 通用武器机制与配置引用","独立武器配置引用","反甲与高爆弹药的具体性能见DATA的Ammo表。","当前规范正文；早期原始需求／独立推导未找到，不等于复制认定","来源链不全；不据此判定MEDIUM／HIGH复制风险","未找到完整上游来源"
"COMBAT_RULES","docs/constraints/design/COMBAT_RULES.md","280","24A 通用武器机制与配置引用","独立武器配置引用","步兵反坦克弹药统一100模块破坏值。反甲弹仅直接命中，无范围伤害及步兵压制；高爆有小范围伤害与压制，无模块破坏。装甲不积累高爆压制，恐慌／失能由人员状态模块触发。反甲误中步兵仍可造成生命伤害。散布、减伤无视及补给成本未确认，不填默认值。","当前规范正文；早期原始需求／独立推导未找到，不等于复制认定","来源链不全；不据此判定MEDIUM／HIGH复制风险","未找到完整上游来源"
"COMBAT_RULES","docs/constraints/design/COMBAT_RULES.md","284","24A 通用武器机制与配置引用","装甲通用生命范围","装甲单位生命限制为10～20，特殊例外由用户另行指定；具体单位各面防护及生命在现有框架内配置，不沿用历史模型表作为正式单位要求。","当前规范正文；早期原始需求／独立推导未找到，不等于复制认定","来源链不全；不据此判定MEDIUM／HIGH复制风险","未找到完整上游来源"
"COMBAT_RULES","docs/constraints/design/COMBAT_RULES.md","288","24A 通用武器机制与配置引用","连射武器与弹药共享","所有连射武器（含枪械及机炮）基础换弹时间统一为人工装填3秒、机械装填4秒，沿用人员状态及装填模块乘算规则。已确认小口径机炮采用人工装填，大口径机炮采用机械装填。此条针对连射武器换弹，不替换逐发装填武器的独立规则。","当前规范正文；早期原始需求／独立推导未找到，不等于复制认定","来源链不全；不据此判定MEDIUM／HIGH复制风险","未找到完整上游来源"
"COMBAT_RULES","docs/constraints/design/COMBAT_RULES.md","290","24A 通用武器机制与配置引用","连射武器与弹药共享","同阵营、同专精、同口径武器默认共享相同弹药参数；仅用户明确声明特殊弹药时允许单独配置。爆炸范围作为阵营特色在阵营间区分，不设所有阵营统一半径。","当前规范正文；早期原始需求／独立推导未找到，不等于复制认定","来源链不全；不据此判定MEDIUM／HIGH复制风险","未找到完整上游来源"
"COMBAT_RULES","docs/constraints/design/COMBAT_RULES.md","294","24A 通用武器机制与配置引用","有效射速与通道","三发合一武器单武器游戏弹丸间隔=180/rpm；单发独立武器=60/rpm。步兵合并通道按本节“多弹种与装填通则”的固定配置N再除一次，每次只生成1枚。三发合一每次扣3发库存及待发计数，标伤、压制和破坏已为综合值，不再乘3，不混弹种。","当前规范正文；早期原始需求／独立推导未找到，不等于复制认定","来源链不全；不据此判定MEDIUM／HIGH复制风险","未找到完整上游来源"
"COMBAT_RULES","docs/constraints/design/COMBAT_RULES.md","296","24A 通用武器机制与配置引用","有效射速与通道","单武器间隔见DATA的Weapons表；班组通道间隔按正式单位配置数量计算，不将示例数量写入武器定义。霰弹枪采用单发独立。AT4不使用rpm，按本节一次性发射器公式；当前班组配置数量上限见DATA的Parameters表。Carl-Gustaf按人工逐发装填运行，基础时间及弹种库存见DATA。","当前规范正文；早期原始需求／独立推导未找到，不等于复制认定","来源链不全；不据此判定MEDIUM／HIGH复制风险","未找到完整上游来源"
"COMBAT_RULES","docs/constraints/design/COMBAT_RULES.md","300","24A 通用武器机制与配置引用","当前独立武器与弹药","机炮射程、射速、容量、装填和瞄准时间，以及全部已确认弹药标伤、穿深锚点、弹速、爆炸半径、压制及模块破坏见DATA。机炮注册为机炮炮塔，安装、朝向及转动规则继续按本基线生效。","当前规范正文；早期原始需求／独立推导未找到，不等于复制认定","来源链不全；不据此判定MEDIUM／HIGH复制风险","未找到完整上游来源"
"COMBAT_RULES","docs/constraints/design/COMBAT_RULES.md","302","24A 通用武器机制与配置引用","当前独立武器与弹药","M252为步兵架设迫击炮，配置见DATA。车载迫击炮必须引用独立武器定义。实际伤害与压制采用[第10节](COMBAT_RULES.md#section-10)机制；装药量平方根外推不是运行公式，设计依据与平衡目标见 `docs/RTTGame_DESIGN_PRINCIPLES.md`（当前未找到，不据此补造设计）。","当前规范正文；早期原始需求／独立推导未找到，不等于复制认定","来源链不全；不据此判定MEDIUM／HIGH复制风险","未找到完整上游来源"
"COMBAT_RULES","docs/constraints/design/COMBAT_RULES.md","306","24A 通用武器机制与配置引用","默认弹匣容量与弹药库存","默认弹匣容量30发，已声明的武器使用自身容量，特殊声明优先。机炮默认穿甲1个弹匣、高爆4个弹匣；步兵武器默认五个弹匣备弹。均指实际总可用库存；待发计数按本节装填通则，不另加库存。","当前规范正文；早期原始需求／独立推导未找到，不等于复制认定","来源链不全；不据此判定MEDIUM／HIGH复制风险","未找到完整上游来源"
"COMBAT_RULES","docs/constraints/design/COMBAT_RULES.md","308","24A 通用武器机制与配置引用","默认弹匣容量与弹药库存","具体型号的容量和初始库存统一见DATA的Weapons／Ammo表；不在基线另存性能数值表。","当前规范正文；早期原始需求／独立推导未找到，不等于复制认定","来源链不全；不据此判定MEDIUM／HIGH复制风险","未找到完整上游来源"
"COMBAT_RULES","docs/constraints/design/COMBAT_RULES.md","310","24A 通用武器机制与配置引用","默认弹匣容量与弹药库存","已有明确弹药数量的特殊武器沿用DATA，不将一次性发射器库存擅自换算为五个弹匣；库存与待发语义按本节装填通则。","当前规范正文；早期原始需求／独立推导未找到，不等于复制认定","来源链不全；不据此判定MEDIUM／HIGH复制风险","未找到完整上游来源"
"COMBAT_RULES","docs/constraints/design/COMBAT_RULES.md","314","24A 通用武器机制与配置引用","后续设计入口与待定","当前Demo爆炸半径及穿深锚点见DATA，通用衰减与压制恢复采用[第10节](COMBAT_RULES.md#section-10)及压制状态段；其他阵营未定义参数、基础散布绝对值及未确认弹速仍待定。霰弹枪仅确认容量、射速及库存，伤害不套用机炮数值。独立武器的已确认性能继续生效，不自动形成任何正式单位配置。","当前规范正文；早期原始需求／独立推导未找到，不等于复制认定","来源链不全；不据此判定MEDIUM／HIGH复制风险","未找到完整上游来源"
"COMBAT_RULES","docs/constraints/design/COMBAT_RULES.md","318","24A 通用武器机制与配置引用","底盘机动、转向与车载武器","界面默认显示公路速度，步兵速度也以此为基准。越野只降低位移速度：步兵0%惩罚、履带20%、轮式50%；沿用状态／模块减速乘算，不自动降低转向速度。界面以千米/时显示。","当前规范正文；早期原始需求／独立推导未找到，不等于复制认定","来源链不全；不据此判定MEDIUM／HIGH复制风险","未找到完整上游来源"
"COMBAT_RULES","docs/constraints/design/COMBAT_RULES.md","320","24A 通用武器机制与配置引用","底盘机动、转向与车载武器","普通步兵与架设火炮（包括迫击炮）转向360°/秒。车体自动将正面朝向正在攻击的敌人，与移动命令冲突时移动命令优先。非倒车移动先旋转车体再位移；倒车保持朝向，当前讨论阵营倒车减速90%（速度剩10%），是阵营特色，不推广为全阵营默认。","当前规范正文；早期原始需求／独立推导未找到，不等于复制认定","来源链不全；不据此判定MEDIUM／HIGH复制风险","未找到完整上游来源"
"COMBAT_RULES","docs/constraints/design/COMBAT_RULES.md","322","24A 通用武器机制与配置引用","底盘机动、转向与车载武器","转向与瞄准同步，配置瞄准时间须容纳转向，不把两者串行相加。机炮每次完整瞄准开始随机取2～3秒，不在过程中重抽；炮塔取最短方向转动，转速120°/秒，180°需1.5秒。完成瞄准且炮口朝向就绪才能开火，不要求车体也朝向目标；车体转向耗时由具体配置转速计算。","当前规范正文；早期原始需求／独立推导未找到，不等于复制认定","来源链不全；不据此判定MEDIUM／HIGH复制风险","未找到完整上游来源"
"COMBAT_RULES","docs/constraints/design/COMBAT_RULES.md","324","24A 通用武器机制与配置引用","底盘机动、转向与车载武器","武器移动射击资格及移动散布惩罚按配置表达，散布惩罚与人员状态散布乘算；不额外延长瞄准、不改变命中后伤害。开始／停止移动不重置瞄准、射击间隔和换弹，停车后后续发射恢复正常散布。","当前规范正文；早期原始需求／独立推导未找到，不等于复制认定","来源链不全；不据此判定MEDIUM／HIGH复制风险","未找到完整上游来源"
"COMBAT_RULES","docs/constraints/design/COMBAT_RULES.md","326","24A 通用武器机制与配置引用","底盘机动、转向与车载武器","机炮注册为机炮炮塔：主武器为机炮，每炮塔默认1个同轴车载武器槽，共享朝向，独立火力流程与库存，可同时开火。手动目标优先定炮塔方向，自动时主武器优先。每车默认1个车长位置，表示无主武器、自动生成1个同轴车载武器槽的独立炮塔，转速360°/秒；装入武器不再生成新炮塔。履带底盘默认1个车体武器槽，轮式默认无，随车体朝向。特殊声明优先。","当前规范正文；早期原始需求／独立推导未找到，不等于复制认定","来源链不全；不据此判定MEDIUM／HIGH复制风险","未找到完整上游来源"
"COMBAT_RULES","docs/constraints/design/COMBAT_RULES.md","328","24A 通用武器机制与配置引用","底盘机动、转向与车载武器","每个车载槽自动引用本阵营车载武器，初始套用轻机枪数据，可按阵营特色修改。当前车载武器的特殊容量、初始库存、聚合、射速及间隔见DATA，装填类型按本节连射通则；不额外增加待发库存。轻机枪未给出的参数不自动补填。","当前规范正文；早期原始需求／独立推导未找到，不等于复制认定","来源链不全；不据此判定MEDIUM／HIGH复制风险","未找到完整上游来源"
"COMBAT_RULES","docs/constraints/design/COMBAT_RULES.md","332","24A 通用武器机制与配置引用","通用移动补给约束","已确认移动补给机制如下。单位编辑器的功能要求及未确定规格见[第22节](PENDING_DECISIONS.md#section-22)。","当前规范正文；早期原始需求／独立推导未找到，不等于复制认定","来源链不全；不据此判定MEDIUM／HIGH复制风险","未找到完整上游来源"
"COMBAT_RULES","docs/constraints/design/COMBAT_RULES.md","334","24A 通用武器机制与配置引用","通用移动补给约束","移动补给载具不能通过正常补给消耗以外的主动方式移除补给：不能丢弃、卸下建点或转给其他对象；被毁库存损失沿用[第5节](TRANSPORT_LOGISTICS.md#section-5)。登车与载重、占位、消耗释放规则统一见[第5节](TRANSPORT_LOGISTICS.md#section-5)，容量不足统一提示“载重不足”。具体移动补给单位的服务范围、速率、携带上限及本体参数须在框架内另行配置。","当前规范正文；早期原始需求／独立推导未找到，不等于复制认定","来源链不全；不据此判定MEDIUM／HIGH复制风险","未找到完整上游来源"
"PROJECTILES","docs/constraints/design/PROJECTILES.md","13","18 统一弹丸运动、碰撞与友伤","范围与权威","服务器权威负责发射、飞行、碰撞与命中结算；客户端表现不决定命中。弹丸系统只接收发射端给出的初始条件，不反向定义武器安装、槽位、炮塔结构、转速、同轴关系或朝向逻辑。","当前规范正文；早期原始需求／独立推导未找到，不等于复制认定","来源链不全；不据此判定MEDIUM／HIGH复制风险","未找到完整上游来源"
"PROJECTILES","docs/constraints/design/PROJECTILES.md","15","18 统一弹丸运动、碰撞与友伤","范围与权威","不设置弹道方式／基础弹道类型字段，不为枪弹、迫击炮、火箭和未来特殊弹药各建独立飞行系统。单位及武器现有制导方式属性保持留空；当前范围不包含新增制导弹药、制导算法、制导参数或运行逻辑，仅保留未来改变速度方向和大小的通用能力接口。不得据此新增武器属性、标签或参数类型；确需扩展现有结构时，须说明无法表达的原因并取得用户确认。","当前规范正文；早期原始需求／独立推导未找到，不等于复制认定","来源链不全；不据此判定MEDIUM／HIGH复制风险","未找到完整上游来源"
"PROJECTILES","docs/constraints/design/PROJECTILES.md","17","18 统一弹丸运动、碰撞与友伤","范围与权威","直射弹药初速引用正式DATA。非直射弹药不在DATA记录固定初速，初速度由实际发射时的落点、距离、高度差与间接弹道策略生成，保存在权威发射状态；不得把运行态选速回写为固定弹药属性。射程与物理可达性分别检查。","当前规范正文；早期原始需求／独立推导未找到，不等于复制认定","来源链不全；不据此判定MEDIUM／HIGH复制风险","未找到完整上游来源"
"PROJECTILES","docs/constraints/design/PROJECTILES.md","21","18 统一弹丸运动、碰撞与友伤","基础运动与运行态","统一采用固定物理步、步内恒加速度解析更新。全局重力大小g=10 m/s²，方向竖直向下；当前不考虑空气阻力。高速枪弹、机炮弹、低速直射弹、火箭弹与迫击炮均受同一重力机制影响。","当前规范＋恒加速度数学可独立复算；g、Hz选择原始记录未找到","LOW（数学表达）；常数选择MEDIUM","未找到完整上游来源"
"PROJECTILES","docs/constraints/design/PROJECTILES.md","23","18 统一弹丸运动、碰撞与友伤","基础运动与运行态","运行态核心为当前位置x、速度矢量v、固定来源source、弹药引用ammo和累计路径距离d_travel。运行态保留发射时间、有效弹丸身份及必要的碰撞忽略信息；这些不构成新增武器参数。只有启用对应能力时才保存和更新其附加状态。","当前规范＋恒加速度数学可独立复算；g、Hz选择原始记录未找到","LOW（数学表达）；常数选择MEDIUM","未找到完整上游来源"
"PROJECTILES","docs/constraints/design/PROJECTILES.md","25","18 统一弹丸运动、碰撞与友伤","基础运动与运行态","对时长h、恒定加速度a的一段运动：","当前规范＋恒加速度数学可独立复算；g、Hz选择原始记录未找到","LOW（数学表达）；常数选择MEDIUM","未找到完整上游来源"
"PROJECTILES","docs/constraints/design/PROJECTILES.md","27","18 统一弹丸运动、碰撞与友伤","基础运动与运行态","- x_next = x + v×h + 0.5×a×h²。","当前规范＋恒加速度数学可独立复算；g、Hz选择原始记录未找到","LOW（数学表达）；常数选择MEDIUM","未找到完整上游来源"
"PROJECTILES","docs/constraints/design/PROJECTILES.md","28","18 统一弹丸运动、碰撞与友伤","基础运动与运行态","- v_next = v + a×h。","当前规范＋恒加速度数学可独立复算；g、Hz选择原始记录未找到","LOW（数学表达）；常数选择MEDIUM","未找到完整上游来源"
"PROJECTILES","docs/constraints/design/PROJECTILES.md","29","18 统一弹丸运动、碰撞与友伤","基础运动与运行态","- 普通弹丸a=g。","当前规范＋恒加速度数学可独立复算；g、Hz选择原始记录未找到","LOW（数学表达）；常数选择MEDIUM","未找到完整上游来源"
"PROJECTILES","docs/constraints/design/PROJECTILES.md","31","18 统一弹丸运动、碰撞与友伤","基础运动与运行态","恒重力运动的状态更新在数学上与解析弹道等价，浮点误差仍存在；碰撞路径另采用下文的分段近似，不将状态解析精确等同于碰撞绝对精确。","当前规范＋恒加速度数学可独立复算；g、Hz选择原始记录未找到","LOW（数学表达）；常数选择MEDIUM","未找到完整上游来源"
"PROJECTILES","docs/constraints/design/PROJECTILES.md","35","18 统一弹丸运动、碰撞与友伤","时间轴与步内发射","弹丸模拟初始频率30 Hz，不限制武器通道最高射速，不设置每步最多一发。各通道沿用[第24A节](COMBAT_RULES.md#section-24a)射击间隔、抽象弹丸消耗及固定配置数量规则。一物理步内允许多次合法发射，保留各自实际发射时刻；不得统一挪到步首或步末形成齐射。","当前规范正文；早期原始需求／独立推导未找到，不等于复制认定","来源链不全；不据此判定MEDIUM／HIGH复制风险","未找到完整上游来源"
"PROJECTILES","docs/constraints/design/PROJECTILES.md","37","18 统一弹丸运动、碰撞与友伤","时间轴与步内发射","新弹丸首步只推进发射时刻到步末的剩余时间，使用该时间计算重力增量。发射端提供同一时间轴上相应时刻的初始位置和目标状态，不将全部发射套用步末状态。","当前规范正文；早期原始需求／独立推导未找到，不等于复制认定","来源链不全；不据此判定MEDIUM／HIGH复制风险","未找到完整上游来源"
"PROJECTILES","docs/constraints/design/PROJECTILES.md","39","18 统一弹丸运动、碰撞与友伤","时间轴与步内发射","发射、命中等实际事件按时间先后结算，同时间按稳定事件／对象编号确定顺序；不按弹丸存储遍历顺序决定伤亡。较晚的单位摧毁不得取消其更早时刻已完成的合法发射，较早的摧毁也不得允许已失去资格的后续发射。碰撞候选须依据此前已结算事件更新或重新验证，不将整步预查询结果无条件批量提交。","当前规范正文；早期原始需求／独立推导未找到，不等于复制认定","来源链不全；不据此判定MEDIUM／HIGH复制风险","未找到完整上游来源"
"PROJECTILES","docs/constraints/design/PROJECTILES.md","41","18 统一弹丸运动、碰撞与友伤","时间轴与步内发射","0.6A跨类型同刻排序细化已由用户明确采纳：统一键为（实际时间、来源单位ID、武器实例ID、发射事件ID、同生命周期事件阶段）。来源单位ID按整数比较，武器实例及发射事件ID按稳定字符串比较；同一发射生命周期内生成先于终止，不设置全局“发射优先”或“命中优先”。不同时间按实际先后，不新增时间合并容差；碰撞候选的静态／单位容差与稳定对象裁决仍按本节原规则。这一采纳不授权成员选择、模块随机或其他待定设计，也不修改冻结Replay v1的阶段顺序。","本会话用户明确采纳稳定单位／武器／发射身份排序；任务003及代码CombatEventOrder","LOW","本会话可见明确决定"
"PROJECTILES","docs/constraints/design/PROJECTILES.md","43","18 统一弹丸运动、碰撞与友伤","时间轴与步内发射","30 Hz为初始设计频率，是否调整以碰撞误差和负载验证为依据；不因射速高于30发/秒直接提高频率。卡顿、大dt、模拟积压的时间策略仍待定，不授权合并或丢弃合法发射。","当前规范正文；早期原始需求／独立推导未找到，不等于复制认定","来源链不全；不据此判定MEDIUM／HIGH复制风险","未找到完整上游来源"
"PROJECTILES","docs/constraints/design/PROJECTILES.md","47","18 统一弹丸运动、碰撞与友伤","直射解算与散布","直射自动补偿重力下坠及目标运动提前量，固定采用低弹道解。静止目标进行一次恒重力解析解算；移动目标仅按当前速度作匀速预测，不预测加速度或转向。","当前规范正文；早期原始需求／独立推导未找到，不等于复制认定","来源链不全；不据此判定MEDIUM／HIGH复制风险","未找到完整上游来源"
"PROJECTILES","docs/constraints/design/PROJECTILES.md","49","18 统一弹丸运动、碰撞与友伤","直射解算与散布","移动目标使用固定次数解算：先对当前点求飞行时间t0；预测当前点+目标速度×t0并求t1；再预测当前点+目标速度×t1并求最终低弹道初速度。即两轮预测修正、三次低弹道解算，不采用无上限迭代或精确截击求根。近极限射程及高速横移有近似误差，发射后变速或转向可导致落空，不保证命中。","当前规范正文；早期原始需求／独立推导未找到，不等于复制认定","来源链不全；不据此判定MEDIUM／HIGH复制风险","未找到完整上游来源"
"PROJECTILES","docs/constraints/design/PROJECTILES.md","51","18 统一弹丸运动、碰撞与友伤","直射解算与散布","每次实际发射时解算，不逐帧为所有武器持续求解。散布只采样一次，其偏移在该次预测修正中保持不变，纳入最终瞄准点／初速度解算；不在飞行中追加随机改变，不在命中时掷隐藏命中率，不额外加入枪口随机抖动。枪械基础散布采用固定世界空间半径，不随距离线性放大；人员状态与既有移动修正乘算。","当前规范正文；早期原始需求／独立推导未找到，不等于复制认定","来源链不全；不据此判定MEDIUM／HIGH复制风险","未找到完整上游来源"
"PROJECTILES","docs/constraints/design/PROJECTILES.md","53","18 统一弹丸运动、碰撞与友伤","直射解算与散布","无有效低弹道解时不发射，不自动切高弹道，不改变初速，不搜索绕障射击点。普通弹丸发射后不再追踪目标。未来启用推进能力时，其发射预测必须与运动模型匹配，不直接套用仅恒重力的解算。","当前规范正文；早期原始需求／独立推导未找到，不等于复制认定","来源链不全；不据此判定MEDIUM／HIGH复制风险","未找到完整上游来源"
"PROJECTILES","docs/constraints/design/PROJECTILES.md","55","18 统一弹丸运动、碰撞与友伤","直射解算与散布","距离不直接降低枪械标伤；动能距离影响只通过[第10节](COMBAT_RULES.md#section-10)P(d)进入防护公式，P(d)采用实际命中时的累计路径距离。","当前规范正文；早期原始需求／独立推导未找到，不等于复制认定","来源链不全；不据此判定MEDIUM／HIGH复制风险","未找到完整上游来源"
"PROJECTILES","docs/constraints/design/PROJECTILES.md","59","18 统一弹丸运动、碰撞与友伤","迫击炮高抛","迫击炮指定落点发射，按距离选速，不引用固定弹药初速，不自动切低抛。普通间接炮击不增加运动提前量；发射时散布只采样一次，随后用偏移后落点与实际枪口解算。M252全有效射程的预期落弹飞行时间控制在20秒以内；不包含发射前转向／瞄准等待。","当前规范正文；早期原始需求／独立推导未找到，不等于复制认定","来源链不全；不据此判定MEDIUM／HIGH复制风险","未找到完整上游来源"
"PROJECTILES","docs/constraints/design/PROJECTILES.md","61","18 统一弹丸运动、碰撞与友伤","迫击炮高抛","设散布后的位移向量为d，空间距离L=|d|，高度差H=d.y。对候选飞行时间t：v=d/t−0.5×g_vector×t，且|v|²=L²/t²+g×H+g²×t²/4。最小所需初速对应t_min²=2L/g；选择t>t_min即位于同一初速的较长时间高抛支路。","当前规范正文；早期原始需求／独立推导未找到，不等于复制认定","来源链不全；不据此判定MEDIUM／HIGH复制风险","未找到完整上游来源"
"PROJECTILES","docs/constraints/design/PROJECTILES.md","63","18 统一弹丸运动、碰撞与友伤","迫击炮高抛","0.5G最小实现以t=1.04×sqrt(2L/g)，再按上述矢量式生成初速度。1.04为集中、可调整的实现系数，不是正式武器／弹药配置、装药档位或最大仰角。M252名义100～1800米对应约4.65～19.73秒，同高发射角约47.25°。合法高抛解若超20秒或条件无效则明确拒射，不截短物理时间、不切低抛、不设20秒寿命，不用客户端假时间提前落弹。","当前规范正文；早期原始需求／独立推导未找到，不等于复制认定","来源链不全；不据此判定MEDIUM／HIGH复制风险","未找到完整上游来源"
"PROJECTILES","docs/constraints/design/PROJECTILES.md","65","18 统一弹丸运动、碰撞与友伤","迫击炮高抛","M252继续保留100～1800米射程与步兵架设版身份，车载迫击炮须独立定义。DATA的非直射初速使用“不适用”，不是“未配置”或0；当前可识别的非直射配置仅为既有Weapon Class中的迫击炮，不新增弹道类型字段。其他未来火炮须核对自身射程、高度与时间约束，不能因引用此实现而自动获得能力或承诺全射程20秒。单位允许范围仍按现有武器检查；不擅自增加最小射程或仰角参数。","当前规范正文；早期原始需求／独立推导未找到，不等于复制认定","来源链不全；不据此判定MEDIUM／HIGH复制风险","未找到完整上游来源"
"PROJECTILES","docs/constraints/design/PROJECTILES.md","67","18 统一弹丸运动、碰撞与友伤","迫击炮高抛","飞行仍由统一30Hz、g10弹丸池推进，撞击与边界事件决定实际终止。20秒约束是发射解目标，不是轨迹外的销毁计时器；若未来地图落点表面／高度或运动模型改变，须重新测量实际落弹时间。新参考与验证见[0.5G记录](../../records/PROTOTYPE_05G.md)。","当前规范正文；早期原始需求／独立推导未找到，不等于复制认定","来源链不全；不据此判定MEDIUM／HIGH复制风险","未找到完整上游来源"
"PROJECTILES","docs/constraints/design/PROJECTILES.md","68","18 统一弹丸运动、碰撞与友伤","迫击炮高抛","曲射不在发射前重复模拟整条弹道进行障碍拒射，不寻找绕障阵地。解析可达不代表路径畅通；发射后由实际路径碰撞决定阻挡及爆炸位置。","当前规范正文；早期原始需求／独立推导未找到，不等于复制认定","来源链不全；不据此判定MEDIUM／HIGH复制风险","未找到完整上游来源"
"PROJECTILES","docs/constraints/design/PROJECTILES.md","72","18 统一弹丸运动、碰撞与友伤","独立存在与碰撞对象","弹丸发射后独立存在，保留固定发射单位身份、所属玩家等来源信息；来源单位死亡、退款或改变命令不取消已发射弹丸，击杀及友伤归属仍按固定来源结算。","当前规范正文；早期原始需求／独立推导未找到，不等于复制认定","来源链不全；不据此判定MEDIUM／HIGH复制风险","未找到完整上游来源"
"PROJECTILES","docs/constraints/design/PROJECTILES.md","74","18 统一弹丸运动、碰撞与友伤","独立存在与碰撞对象","实际物理碰撞决定命中，第一次有效碰撞完成结算后弹丸消失；爆炸发生在实际碰撞点。碰撞对象包括地形、建筑、友军与敌军。允许攻击目标类型只约束主动发射资格，不提供碰撞或伤害豁免。","当前规范正文；早期原始需求／独立推导未找到，不等于复制认定","来源链不全；不据此判定MEDIUM／HIGH复制风险","未找到完整上游来源"
"PROJECTILES","docs/constraints/design/PROJECTILES.md","76","18 统一弹丸运动、碰撞与友伤","独立存在与碰撞对象","步兵班使用共享命中碰撞体，成员保留各自逻辑位置用于生命与爆炸结算。残骸、森林和烟雾不进入弹丸物理碰撞查询。发射单位自身被排除，但爆炸仍可伤及它；室内可开火武器从房屋中心发射并忽略该房屋，其他对象照常阻挡。指定攻击驻军时所在房屋的既有特殊忽略规则继续按[第23节](WORLD_VISIBILITY.md#section-23)生效。","当前规范正文；早期原始需求／独立推导未找到，不等于复制认定","来源链不全；不据此判定MEDIUM／HIGH复制风险","未找到完整上游来源"
"PROJECTILES","docs/constraints/design/PROJECTILES.md","80","18 统一弹丸运动、碰撞与友伤","路径查询与移动单位","弹丸命中检测按点处理，视觉尺寸和爆炸半径不作为弹丸碰撞半径，不新增半径参数。每步默认查询起点到解析终点的整条线段，不仅查询离散终点；高速不因单步飞行距离大而自动大量切段。","当前规范正文；早期原始需求／独立推导未找到，不等于复制认定","来源链不全；不据此判定MEDIUM／HIGH复制风险","未找到完整上游来源"
"PROJECTILES","docs/constraints/design/PROJECTILES.md","82","18 统一弹丸运动、碰撞与友伤","路径查询与移动单位","步内恒加速度曲线与起终点弦线的最大偏差为|a|×h²/8；仅重力、30 Hz时约1.39mm。普通弹丸每步一段，承认这一近似误差。未来附加加速度增大或能力切换时，仅相应弹丸按需要分段；具体附加能力误差容限须随能力定义确定，不全局提高频率。","当前规范正文；早期原始需求／独立推导未找到，不等于复制认定","来源链不全；不据此判定MEDIUM／HIGH复制风险","未找到完整上游来源"
"PROJECTILES","docs/constraints/design/PROJECTILES.md","84","18 统一弹丸运动、碰撞与友伤","路径查询与移动单位","每个移动单位每步共享起点、终点及覆盖移动的空间范围，先空间筛选，再对候选做相对运动求交；步内平移采用线性近似，不只使用步首／步末快照。新弹丸和分段查询只比较同一时间区间的单位运动。会旋转且影响碰撞形状的碰撞体，旋转处理仍待具体结构核对，不将纯平移检测宣称覆盖旋转。","当前规范正文；早期原始需求／独立推导未找到，不等于复制认定","来源链不全；不据此判定MEDIUM／HIGH复制风险","未找到完整上游来源"
"PROJECTILES","docs/constraints/design/PROJECTILES.md","86","18 统一弹丸运动、碰撞与友伤","路径查询与移动单位","先取得静态地形／建筑最早交点，并据此缩短单位候选查询范围；随后比较有效候选的碰撞时间，最早者命中。不赋予正常建筑、友军或敌军类别提前命中优先级。仅时间在数值容差内无法区分时，地形／建筑优先于单位，同类按稳定对象编号裁决；具体容差属于全局数值实现精度，不增加武器参数。","当前规范正文；早期原始需求／独立推导未找到，不等于复制认定","来源链不全；不据此判定MEDIUM／HIGH复制风险","未找到完整上游来源"
"PROJECTILES","docs/constraints/design/PROJECTILES.md","90","18 统一弹丸运动、碰撞与友伤","累计飞行距离","d_travel累计经过路径长度，不用发射点到当前位置的直线距离替代。每段用中点速度近似弧长：Δd≈|v+0.5×a×h|×h；分段则分别累计。命中段将h替换为该段实际碰撞时间，仅累计到碰撞处，并使用相应时刻速度及位置结算。曲线弧长为低成本近似，不宣称精确积分。","当前规范＋恒加速度数学可独立复算；g、Hz选择原始记录未找到","LOW（数学表达）；常数选择MEDIUM","未找到完整上游来源"
"PROJECTILES","docs/constraints/design/PROJECTILES.md","94","18 统一弹丸运动、碰撞与友伤","速度变化能力","统一总加速度a=g+a_extra。未启用能力时a_extra为0，不运行空模块、不保存无用状态。能力模块可提供附加加速度，通用框架亦预留按明确规则改变速度方向或大小的能力；制导机制尚未确认。","当前规范正文；早期原始需求／独立推导未找到，不等于复制认定","来源链不全；不据此判定MEDIUM／HIGH复制风险","未找到完整上游来源"
"PROJECTILES","docs/constraints/design/PROJECTILES.md","96","18 统一弹丸运动、碰撞与友伤","速度变化能力","推进不自动抵消重力，推进方向不默认等于速度方向。有限时推进在结束时刻停止附加加速度、保留当前速度并继续受重力；不因无空气阻力而自动产生沿飞行方向减速。切换时刻落在步内时，仅该弹丸拆分为切换前后两段并分别查碰撞。若仅制动，应在停止时刻结束制动段，避免意外反向，重力继续作用。","当前规范正文；早期原始需求／独立推导未找到，不等于复制认定","来源链不全；不据此判定MEDIUM／HIGH复制风险","未找到完整上游来源"
"PROJECTILES","docs/constraints/design/PROJECTILES.md","98","18 统一弹丸运动、碰撞与友伤","速度变化能力","仅初速无法表达持续推进强度、方向规则及结束时间；当前仅确认能力接口，不给AT4或其他弹药擅自增加推进配置。现有结构是否支持及具体参数表达待核对，新增参数类型须另行确认。","当前规范正文；早期原始需求／独立推导未找到，不等于复制认定","来源链不全；不据此判定MEDIUM／HIGH复制风险","未找到完整上游来源"
"PROJECTILES","docs/constraints/design/PROJECTILES.md","102","18 统一弹丸运动、碰撞与友伤","事件复现与弹丸生命周期","合法发射不得因容量不足而静默丢失。表现插值不影响服务器结果。复现须保持初始条件、散布结果／随机状态、时间轴、能力顺序、碰撞世界及稳定裁决规则；固定步不保证跨平台物理逐位一致。","当前规范正文；早期原始需求／独立推导未找到，不等于复制认定","来源链不全；不据此判定MEDIUM／HIGH复制风险","未找到完整上游来源"
"PROJECTILES","docs/constraints/design/PROJECTILES.md","104","18 统一弹丸运动、碰撞与友伤","事件复现与弹丸生命周期","第一次有效碰撞后弹丸结束；达到有效射程不自动消失，来源死亡也不取消已发射弹丸。未碰撞弹丸的战场边界及生命周期结束条件仍待核对，尚未确认寿命、最大路径距离或高度阈值。","当前规范正文；早期原始需求／独立推导未找到，不等于复制认定","来源链不全；不据此判定MEDIUM／HIGH复制风险","未找到完整上游来源"
"PROJECTILES","docs/constraints/design/PROJECTILES.md","108","18 统一弹丸运动、碰撞与友伤","战斗回放产品要求与底层架构边界","战斗回放为正式产品必备能力，但不属于当前Demo交付范围。当前不开发新活动地图完整录制／播放或Replay v2；后续逐步开发。未实现该能力不作为本次Demo或客户端弹丸验收的失败条件，冻结旧版本兼容边界仍须保留。","当前规范正文；早期原始需求／独立推导未找到，不等于复制认定","来源链不全；不据此判定MEDIUM／HIGH复制风险","未找到完整上游来源"
"PROJECTILES","docs/constraints/design/PROJECTILES.md","110","18 统一弹丸运动、碰撞与友伤","战斗回放产品要求与底层架构边界","现阶段及任何后续战斗系统必须持续满足未来回放所需的架构约束：由服务器产生权威事件并保留实际事件顺序；各战斗子系统使用统一模拟时间；使用稳定的运行时身份区分对象及其生命周期／复用代次；状态和事件具备可序列化的值表达，不以节点、连接或Resource的瞬时引用代替持久身份；能识别地图、规则与数据版本／内容；随机决策与实际采样结果必须可复现或可记录，不依赖客户端私有随机数或表现帧率来恢复权威结果。","当前规范正文；早期原始需求／独立推导未找到，不等于复制认定","来源链不全；不据此判定MEDIUM／HIGH复制风险","未找到完整上游来源"
"PROJECTILES","docs/constraints/design/PROJECTILES.md","112","18 统一弹丸运动、碰撞与友伤","战斗回放产品要求与底层架构边界","不得引入明显破坏可回放性的结构。客户端公开弹丸投影是裁剪后的表现载荷，不等同完整权威事件或可恢复的战斗状态；后续回放不得仅依赖该载荷重建战斗。上述要求不宣称当前已经具备完整录制、播放、持久化快照或跨平台逐位重模拟；回放格式及兼容策略待相应开发阶段明确。","当前规范正文；早期原始需求／独立推导未找到，不等于复制认定","来源链不全；不据此判定MEDIUM／HIGH复制风险","未找到完整上游来源"
"PROJECTILES","docs/constraints/design/PROJECTILES.md","116","18 统一弹丸运动、碰撞与友伤","客户端弹丸表现可见性","当前对局所有已加入且身份已绑定的客户端均可见所有实际已发射弹丸的轨迹和实际终止位置，不受队伍、来源单位／目标可见性或战争迷雾限制；晚加入者接收仍活动弹丸的当前状态，不补播已结束弹丸。轨迹与起点所产生的射击位置推断属于公开表现信息，但不点亮来源或命中单位，不开放它们的身份、生命、伤害、库存、命令或其他私有状态。","当前规范正文；早期原始需求／独立推导未找到，不等于复制认定","来源链不全；不据此判定MEDIUM／HIGH复制风险","未找到完整上游来源"
"PROJECTILES","docs/constraints/design/PROJECTILES.md","118","18 统一弹丸运动、碰撞与友伤","客户端弹丸表现可见性","客户端仅接收服务器生成的最小表现载荷：不编码来源身份的弹丸ID、服务器顺序／时间及运动状态；终止仅包含同一ID、实际时间／位置和结束类别。不公开来源玩家、单位、武器、弹药配置身份或命中对象身份，不自动开放武器发射事件及其他复制通道。具体网络字段与实施验收边界见[公开载荷契约](../PROJECTILE_VISIBILITY_CONTRACT.md)。客户端表现不决定命中或伤害，此可见性决定不扩展Replay v1或录制范围。","当前规范正文；早期原始需求／独立推导未找到，不等于复制认定","来源链不全；不据此判定MEDIUM／HIGH复制风险","未找到完整上游来源"
"PROJECTILES","docs/constraints/design/PROJECTILES.md","122","18 统一弹丸运动、碰撞与友伤","弹丸模拟与客户端表现分离","服务器以固定模拟步推进权威位置，客户端接收离散公开运动状态并以自己的渲染帧率更新视觉位置。模拟位置、网络位置与视觉位置职责分离；正常情况下优先使用小型快照缓冲与轻微延迟插值，短时缺状态允许有上限的视觉外推与误差纠正。服务器终止事件优先于视觉连续性，不等待客户端到达终点才结算。","当前规范正文；早期原始需求／独立推导未找到，不等于复制认定","来源链不全；不据此判定MEDIUM／HIGH复制风险","未找到完整上游来源"
"PROJECTILES","docs/constraints/design/PROJECTILES.md","124","18 统一弹丸运动、碰撞与友伤","弹丸模拟与客户端表现分离","曳光以视觉位置为头部，沿已知弹道历史向后延伸；可见长度不得超过实际已经过的路径范围，尾部不得越过真实发射位置。该裁剪同样适用于出膛立即终止、近距离遮挡、同批生成／终止及边界终止；终止余辉时长不代替几何裁剪。客户端缺少历史时保守裁剪，不为晚加入补造发射前历史；长度由弹速乘独立视觉时间窗口并按表现上下限裁剪，尾部逐渐透明，不使用一个服务器步的位移作为固定亮度线段。视觉时间、长度、渐隐、客户端FPS和相机不得影响权威位置、命中、伤害、寿命或事件时间。未来回放复用权威状态／事件生成客户端表现，不要求保存每个渲染帧或网格。具体临时表现参数和实现边界见[表现参数与实现说明](../../records/PROJECTILE_PRESENTATION_REVIEW.md)。","当前规范正文；早期原始需求／独立推导未找到，不等于复制认定","来源链不全；不据此判定MEDIUM／HIGH复制风险","未找到完整上游来源"
"PROJECTILES","docs/constraints/design/PROJECTILES.md","126","18 统一弹丸运动、碰撞与友伤","弹丸模拟与客户端表现分离","火炮选点时提供仅本地客户端可见的红色实线名义弹道，并显示火炮位置到选点的距离；使用现有合法弹道及射程，不代表散布后的实际落点或碰撞保证，不改变服务器开火资格、弹药或随机采样。","当前规范正文；早期原始需求／独立推导未找到，不等于复制认定","来源链不全；不据此判定MEDIUM／HIGH复制风险","未找到完整上游来源"
"PROJECTILES","docs/constraints/design/PROJECTILES.md","130","18 统一弹丸运动、碰撞与友伤","友伤与开火检查","弹丸可被友军挡住，直击与爆炸都具有友伤，爆炸同时造成压制。生成时排除发射单位自身避免炮口自碰，后续爆炸仍可伤及发射单位。","当前规范正文；早期原始需求／独立推导未找到，不等于复制认定","来源链不全；不据此判定MEDIUM／HIGH复制风险","未找到完整上游来源"
"PROJECTILES","docs/constraints/design/PROJECTILES.md","132","18 统一弹丸运动、碰撞与友伤","友伤与开火检查","直射自动开火及普通指定攻击在发射前检查友军遮挡；被挡则暂缓，不绕路、不追击。发射后友军进入弹道仍可中弹。G强制攻击只执行一次，按各有资格的武器通道实际发射一次后结束；移动或停止取消尚未完成的强制攻击，不取消已发射弹丸。G强制攻击跳过友军遮挡检查；火炮手动炮击不因落点附近有友军而拒绝。地形障碍规则仍有效。","当前规范正文；早期原始需求／独立推导未找到，不等于复制认定","来源链不全；不据此判定MEDIUM／HIGH复制风险","未找到完整上游来源"
"PROJECTILES","docs/constraints/design/PROJECTILES.md","134","18 统一弹丸运动、碰撞与友伤","友伤与开火检查","误伤击杀显示实际发射单位并标注友军误伤，受害玩家记录死亡价值；射击方无击杀价值，不额外扣出动分。补给殉爆连锁沿用最初引爆者归属。","当前规范正文；早期原始需求／独立推导未找到，不等于复制认定","来源链不全；不据此判定MEDIUM／HIGH复制风险","未找到完整上游来源"
"TRANSPORT_LOGISTICS","docs/constraints/design/TRANSPORT_LOGISTICS.md","11","5 运输容量与装卸","5 运输容量与装卸","关联关系按[第2节](OUT_OF_MATCH.md#section-2)，不作为运输许可名单。运输资格仅检查最大乘员与重量，不另加可运输类型标签。步兵固定运输重量＝满编人数×0.1t＋特殊装备重量，撤离人员同样适用；占位与消耗变化按下文总运输载重规则。","当前规范正文；早期原始需求／独立推导未找到，不等于复制认定","来源链不全；不据此判定MEDIUM／HIGH复制风险","未找到完整上游来源"
"TRANSPORT_LOGISTICS","docs/constraints/design/TRANSPORT_LOGISTICS.md","15","5 运输容量与装卸","总运输载重","运输单位设置“最大乘员数”和“总运输载重”。搭载人员、特殊装备及车载补给共用一个总载重池，任意组合的总重量均不得超过总运输载重；最大乘员数为独立硬限制，不因剩余载重充足而放宽。","当前规范正文；早期原始需求／独立推导未找到，不等于复制认定","来源链不全；不据此判定MEDIUM／HIGH复制风险","未找到完整上游来源"
"TRANSPORT_LOGISTICS","docs/constraints/design/TRANSPORT_LOGISTICS.md","17","5 运输容量与装卸","总运输载重","设所载人员及特殊装备固定重量为C、现有补给重量为B、总运输载重为L，则须C+B≤L，并同时满足最大乘员数限制。人员按满编占位与固定重量计入，伤亡及弹药消耗不释放乘客占用；补给实际消耗降低补给重量并释放对应载重。具体单位若设置补给携带上限，该上限只限制补给数量，不形成独立或不可挪用的容量分区。","当前规范正文；早期原始需求／独立推导未找到，不等于复制认定","来源链不全；不据此判定MEDIUM／HIGH复制风险","未找到完整上游来源"
"TRANSPORT_LOGISTICS","docs/constraints/design/TRANSPORT_LOGISTICS.md","21","5 运输容量与装卸","装卸行为","装载采用选单位后右键运输车；双方靠近停车。不能自行移动的火炮由车辆靠近装载；失能步兵仍可低速登车。装卸时间按待载单位配置独立设置，步兵较快、火炮车辆较慢，不增加火炮架设时间。","当前规范正文；早期原始需求／独立推导未找到，不等于复制认定","来源链不全；不据此判定MEDIUM／HIGH复制风险","未找到完整上游来源"
"TRANSPORT_LOGISTICS","docs/constraints/design/TRANSPORT_LOGISTICS.md","23","5 运输容量与装卸","装卸行为","装卸期间双方不能移动或射击，仅受攻击不中断。恐慌和失能均不禁止步兵装载或卸载，不增加装卸时间；读条期间进入失能也不暂停或清零进度。卸载保留生命、人数及压制状态，搭乘不解除失能。装载完成前单位在车外，卸载完成前仍在车内，完成才切换状态。移动或取消会清零进度并保留原位置；开始装载预留容量，装载前须将现有补给计入总载重，容量不足则拒绝登车，不以自动丢弃补给腾出空间。多单位按单位条目顺序执行，不拆班，乘员位不足或重量超限时跳过并在右侧战场信息栏统一提示“载重不足”。装卸不消耗补给。","当前规范正文；早期原始需求／独立推导未找到，不等于复制认定","来源链不全；不据此判定MEDIUM／HIGH复制风险","未找到完整上游来源"
"TRANSPORT_LOGISTICS","docs/constraints/design/TRANSPORT_LOGISTICS.md","27","5 运输容量与装卸","运输损失","车内单位不能射击或成为单独攻击目标。运输车被毁时，普通步兵强制卸载，每名士兵受固定伤害、班组增加固定压制且至少恐慌；达到失能阈值则失能。不再叠加摧毁车辆的同一次攻击伤害。伤害与压制值待定。车载补给全部损失，不殉爆。所有架设火炮班组沿用步兵乘客固定伤害与压制逃生规则，不再直接摧毁或50%生成撤离人员；所载车辆直接摧毁，撤离人员生成见下一节。","当前规范正文；早期原始需求／独立推导未找到，不等于复制认定","来源链不全；不据此判定MEDIUM／HIGH复制风险","未找到完整上游来源"
"TRANSPORT_LOGISTICS","docs/constraints/design/TRANSPORT_LOGISTICS.md","33","6 主动放弃与撤离人员","6 主动放弃与撤离人员","统一名称“撤离人员”，视作一种普通步兵，只能由撤离事件生成，不能直接购买。不重新操作装备，可治疗补员、运输、自卫与退款，武器为阵营对应PDW，属于正常枪械，数值偏低。","当前规范正文；早期原始需求／独立推导未找到，不等于复制认定","来源链不全；不据此判定MEDIUM／HIGH复制风险","未找到完整上游来源"
"TRANSPORT_LOGISTICS","docs/constraints/design/TRANSPORT_LOGISTICS.md","35","6 主动放弃与撤离人员","6 主动放弃与撤离人员","| 事件 | 人员生成 | 原装备计分 |","当前规范正文；早期原始需求／独立推导未找到，不等于复制认定","来源链不全；不据此判定MEDIUM／HIGH复制风险","未找到完整上游来源"
"TRANSPORT_LOGISTICS","docs/constraints/design/TRANSPORT_LOGISTICS.md","37","6 主动放弃与撤离人员","6 主动放弃与撤离人员","| 地面装备正常被击毁 | 不生成 | 全额价值 |","当前规范正文；早期原始需求／独立推导未找到，不等于复制认定","来源链不全；不据此判定MEDIUM／HIGH复制风险","未找到完整上游来源"
"TRANSPORT_LOGISTICS","docs/constraints/design/TRANSPORT_LOGISTICS.md","38","6 主动放弃与撤离人员","6 主动放弃与撤离人员","| 所载车辆随运输车摧毁 | 每个被运输单位独立50%概率生成 | 全额价值 |","当前规范正文；早期原始需求／独立推导未找到，不等于复制认定","来源链不全；不据此判定MEDIUM／HIGH复制风险","未找到完整上游来源"
"TRANSPORT_LOGISTICS","docs/constraints/design/TRANSPORT_LOGISTICS.md","39","6 主动放弃与撤离人员","6 主动放弃与撤离人员","| 飞机被击毁 | 50%概率跳伞生成 | 全额价值 |","当前规范正文；早期原始需求／独立推导未找到，不等于复制认定","来源链不全；不据此判定MEDIUM／HIGH复制风险","未找到完整上游来源"
"TRANSPORT_LOGISTICS","docs/constraints/design/TRANSPORT_LOGISTICS.md","40","6 主动放弃与撤离人员","6 主动放弃与撤离人员","| 主动放弃或主动跳伞 | 完成放弃后生成 | 少量价值，比例待定 |","当前规范正文；早期原始需求／独立推导未找到，不等于复制认定","来源链不全；不据此判定MEDIUM／HIGH复制风险","未找到完整上游来源"
"TRANSPORT_LOGISTICS","docs/constraints/design/TRANSPORT_LOGISTICS.md","41","6 主动放弃与撤离人员","6 主动放弃与撤离人员","| 飞机燃油耗尽 | 自动按主动放弃处理并生成 | 少量价值 |","当前规范正文；早期原始需求／独立推导未找到，不等于复制认定","来源链不全；不据此判定MEDIUM／HIGH复制风险","未找到完整上游来源"
"TRANSPORT_LOGISTICS","docs/constraints/design/TRANSPORT_LOGISTICS.md","43","6 主动放弃与撤离人员","6 主动放弃与撤离人员","运输车本身不因正常被毁生成撤离人员。普通步兵乘客强制卸载使用运输伤亡规则，不使用50%抽样。","当前规范正文；早期原始需求／独立推导未找到，不等于复制认定","来源链不全；不据此判定MEDIUM／HIGH复制风险","未找到完整上游来源"
"TRANSPORT_LOGISTICS","docs/constraints/design/TRANSPORT_LOGISTICS.md","47","6 主动放弃与撤离人员","主动操作","主动放弃需要二次确认，再读条3秒；地面单位期间不能移动，仍可被正常击毁。读条内被毁按正常摧毁，不重复生成。燃油耗尽自动触发，无需确认，具体航空动作待航空系统细化。","当前规范正文；早期原始需求／独立推导未找到，不等于复制认定","来源链不全；不据此判定MEDIUM／HIGH复制风险","未找到完整上游来源"
"TRANSPORT_LOGISTICS","docs/constraints/design/TRANSPORT_LOGISTICS.md","49","6 主动放弃与撤离人员","主动操作","主动放弃击杀者显示“本单位／自身”，对方队伍获得少量价值；被动逃生不减少原装备击杀分。撤离人员再次被击杀仅按自身低价值分结算。","当前规范正文；早期原始需求／独立推导未找到，不等于复制认定","来源链不全；不据此判定MEDIUM／HIGH复制风险","未找到完整上游来源"
"TRANSPORT_LOGISTICS","docs/constraints/design/TRANSPORT_LOGISTICS.md","53","6 主动放弃与撤离人员","名额与退款","原装备消失立即释放原卡名额，撤离人员不继承名额、不占卡种名额。人员生成即恐慌，出动分与原单位相当且正常计维护。返回基地用普通退款流程，金额按自身出动分和自身弹药缺额计算；人数损失不降低固定配置出动分。全员阵亡无退款。","当前规范正文；早期原始需求／独立推导未找到，不等于复制认定","来源链不全；不据此判定MEDIUM／HIGH复制风险","未找到完整上游来源"
"TRANSPORT_LOGISTICS","docs/constraints/design/TRANSPORT_LOGISTICS.md","59","7 补给来源与服务","7 补给来源与服务","补给只在出生点随部署购买，玩家自选吨位，价格按[第3节](DEPLOYMENT_ECONOMY.md#section-3)；不能在场上生产，也没有基地免费补充。通过现有库存转运持续供给。","当前规范正文；早期原始需求／独立推导未找到，不等于复制认定","来源链不全；不据此判定MEDIUM／HIGH复制风险","未找到完整上游来源"
"TRANSPORT_LOGISTICS","docs/constraints/design/TRANSPORT_LOGISTICS.md","61","7 补给来源与服务","7 补给来源与服务","| 补给单位配置 | 车载服务 | 库存装卸 |","当前规范正文；早期原始需求／独立推导未找到，不等于复制认定","来源链不全；不据此判定MEDIUM／HIGH复制风险","未找到完整上游来源"
"TRANSPORT_LOGISTICS","docs/constraints/design/TRANSPORT_LOGISTICS.md","63","7 补给来源与服务","7 补给来源与服务","| 移动补给 | 作为移动补给点，为步兵补弹；不能治疗补员 | 可从地面点装载，不能卸下建点 |","当前规范正文；早期原始需求／独立推导未找到，不等于复制认定","来源链不全；不据此判定MEDIUM／HIGH复制风险","未找到完整上游来源"
"TRANSPORT_LOGISTICS","docs/constraints/design/TRANSPORT_LOGISTICS.md","64","7 补给来源与服务","7 补给来源与服务","| 无移动补给标签（默认建点方式） | 车载库存不能直接服务 | 卸下才成为完整补给点；可从已有点装回运往他处 |","当前规范正文；早期原始需求／独立推导未找到，不等于复制认定","来源链不全；不据此判定MEDIUM／HIGH复制风险","未找到完整上游来源"
"TRANSPORT_LOGISTICS","docs/constraints/design/TRANSPORT_LOGISTICS.md","66","7 补给来源与服务","7 补给来源与服务","仅保留单位能力标签“移动补给”，取消“建造补给点”标签。具有补给能力而无移动补给标签的单位默认采用建点方式；普通单位不会因缺少标签获得补给能力。移动补给车不参与地面堆合并。步兵专精补给步战车按此限制提供服务。","当前规范正文；早期原始需求／独立推导未找到，不等于复制认定","来源链不全；不据此判定MEDIUM／HIGH复制风险","未找到完整上游来源"
"TRANSPORT_LOGISTICS","docs/constraints/design/TRANSPORT_LOGISTICS.md","70","7 补给来源与服务","地面点与合并","地面补给点保留队伍所属信息，不记录来源玩家；所属队伍各玩家均能正常使用，并由符合补给能力及移动补给标签规则的载具装载库存、转运和卸下建点，受容量限制。补给车仍有玩家归属和操作权限，只共用补给服务规则，不参与占领。","当前规范正文；早期原始需求／独立推导未找到，不等于复制认定","来源链不全；不据此判定MEDIUM／HIGH复制风险","未找到完整上游来源"
"TRANSPORT_LOGISTICS","docs/constraints/design/TRANSPORT_LOGISTICS.md","72","7 补给来源与服务","地面点与合并","补给点采用敌方／中立／己方三态，沿用据点占领规则：先清敌再填己，固定速度，单位状态与数量不影响速度，双方在范围内暂停，无人保进度。量表缩短至近乎瞬间占领，具体时长待定。敌方须先占领才能使用或装载，占领不改变剩余库存。补给点不计任务据点数量，不推进PVP占领分；补给点自身不能作为占领单位。","当前规范正文；早期原始需求／独立推导未找到，不等于复制认定","来源链不全；不据此判定MEDIUM／HIGH复制风险","未找到完整上游来源"
"TRANSPORT_LOGISTICS","docs/constraints/design/TRANSPORT_LOGISTICS.md","74","7 补给来源与服务","地面点与合并","只有同队补给点可自动合并。新点进入己方已有点范围，或中立／敌方点被占领后满足合并条件时，必须并入先创建的己方补给点；多个符合条件则选最早创建的己方点。被占领点自身的旧创建时间不能让已有己方点迁移。移除原点，在接收点位置形成总库存补给点，沿用接收点范围及创建顺序，不扩大范围。无符合条件点则独立保留。合并无退款、击杀、死亡或殉爆。运输单位不合并。库存耗尽点消失，无主动销毁补给操作。","当前规范正文；早期原始需求／独立推导未找到，不等于复制认定","来源链不全；不据此判定MEDIUM／HIGH复制风险","未找到完整上游来源"
"TRANSPORT_LOGISTICS","docs/constraints/design/TRANSPORT_LOGISTICS.md","78","7 补给来源与服务","服务条件","受补单位停车且停止开火才接受服务，移动或开火暂停，仅受攻击不强制中断一般服务。移动补给双方需停车。车内乘员按车辆位置接受地面点服务，移动补给可服务自身步兵乘客。恢复完成的效果保留，不重复扣费。","当前规范正文；早期原始需求／独立推导未找到，不等于复制认定","来源链不全；不据此判定MEDIUM／HIGH复制风险","未找到完整上游来源"
"TRANSPORT_LOGISTICS","docs/constraints/design/TRANSPORT_LOGISTICS.md","80","7 补给来源与服务","服务条件","弹药补充和人员恢复并行，各项独立进行，不共享总补给速率但共享库存。每班组同一时刻只结算一次，不因来源重叠加速；来源耗尽自动切换。补给速度与范围按配置设置。车辆模块维修保留其受击中断与安全时间要求，见模块规则。","当前规范正文；早期原始需求／独立推导未找到，不等于复制认定","来源链不全；不据此判定MEDIUM／HIGH复制风险","未找到完整上游来源"
"TRANSPORT_LOGISTICS","docs/constraints/design/TRANSPORT_LOGISTICS.md","86","8 补给消耗与殉爆","8 补给消耗与殉爆","| 项目 | 当前消耗 |","当前规范正文；早期原始需求／独立推导未找到，不等于复制认定","来源链不全；不据此判定MEDIUM／HIGH复制风险","未找到完整上游来源"
"TRANSPORT_LOGISTICS","docs/constraints/design/TRANSPORT_LOGISTICS.md","88","8 补给消耗与殉爆","8 补给消耗与殉爆","| 步兵治疗 | 0.025t每恢复1生命 |","当前规范正文；早期原始需求／独立推导未找到，不等于复制认定","来源链不全；不据此判定MEDIUM／HIGH复制风险","未找到完整上游来源"
"TRANSPORT_LOGISTICS","docs/constraints/design/TRANSPORT_LOGISTICS.md","89","8 补给消耗与殉爆","8 补给消耗与殉爆","| 补员 | 0.2t每人，补入生命5 |","当前规范正文；早期原始需求／独立推导未找到，不等于复制认定","来源链不全；不据此判定MEDIUM／HIGH复制风险","未找到完整上游来源"
"TRANSPORT_LOGISTICS","docs/constraints/design/TRANSPORT_LOGISTICS.md","90","8 补给消耗与殉爆","8 补给消耗与殉爆","| 模块维修 | 0.25t每修复一个损伤等级 |","当前规范正文；早期原始需求／独立推导未找到，不等于复制认定","来源链不全；不据此判定MEDIUM／HIGH复制风险","未找到完整上游来源"
"TRANSPORT_LOGISTICS","docs/constraints/design/TRANSPORT_LOGISTICS.md","91","8 补给消耗与殉爆","8 补给消耗与殉爆","| 车辆生命值恢复 | 待定 |","当前规范正文；早期原始需求／独立推导未找到，不等于复制认定","来源链不全；不据此判定MEDIUM／HIGH复制风险","未找到完整上游来源"
"TRANSPORT_LOGISTICS","docs/constraints/design/TRANSPORT_LOGISTICS.md","92","8 补给消耗与殉爆","8 补给消耗与殉爆","| 弹药与烟雾 | 具体类型和吨位待定 |","当前规范正文；早期原始需求／独立推导未找到，不等于复制认定","来源链不全；不据此判定MEDIUM／HIGH复制风险","未找到完整上游来源"
"TRANSPORT_LOGISTICS","docs/constraints/design/TRANSPORT_LOGISTICS.md","94","8 补给消耗与殉爆","8 补给消耗与殉爆","模块维修按损伤等级计费。人员补给顺序为补员→治疗；失能自动解除，不单独消耗补给。弹药独立并行。完成一次扣一次，库存不足暂停该项，其他较小费用可继续；同刻争库存按开始接受补给顺序处理，不出现负库存。","当前规范正文；早期原始需求／独立推导未找到，不等于复制认定","来源链不全；不据此判定MEDIUM／HIGH复制风险","未找到完整上游来源"
"TRANSPORT_LOGISTICS","docs/constraints/design/TRANSPORT_LOGISTICS.md","98","8 补给消耗与殉爆","地面补给点属性","补给点可被攻击，不提供侦察，自身不占其他据点；生命值1，动能防护5，化学能防护5，按现有防护伤害公式结算；服务及占领范围待数值配置。摧毁敌方补给点按剩余吨位×10计入攻击方击杀价值和队伍补给损失，不计来源玩家个人死亡价值；摧毁己方或中立点无击杀价值，仍可能殉爆。车载库存损失与本体价值分开记录，补给不参与维护。","当前规范正文；早期原始需求／独立推导未找到，不等于复制认定","来源链不全；不据此判定MEDIUM／HIGH复制风险","未找到完整上游来源"
"TRANSPORT_LOGISTICS","docs/constraints/design/TRANSPORT_LOGISTICS.md","102","8 补给消耗与殉爆","殉爆","只有地面补给点被毁且剩余库存≥1t才殉爆，少于1t不触发；车载库存不殉爆。伤害＝伤害系数×剩余吨位。半径＝范围系数×剩余吨位，再限制在最小与最大半径内，系数及上下限待定。","当前规范正文；早期原始需求／独立推导未找到，不等于复制认定","来源链不全；不据此判定MEDIUM／HIGH复制风险","未找到完整上游来源"
"TRANSPORT_LOGISTICS","docs/constraints/design/TRANSPORT_LOGISTICS.md","104","8 补给消耗与殉爆","殉爆","殉爆带特效，按既有爆炸距离衰减与防护处理，步兵按人员位置受伤与压制。伤害双方单位，可引爆附近其他补给点；每点只触发一次。连锁击杀归最初引爆的攻击单位；友军损失计死亡价值，不增加攻击方击杀价值。","当前规范正文；早期原始需求／独立推导未找到，不等于复制认定","来源链不全；不据此判定MEDIUM／HIGH复制风险","未找到完整上游来源"
"WORLD_VISIBILITY","docs/constraints/design/WORLD_VISIBILITY.md","13","23 场景实体、驻扎与比例减伤","场景实体分类","场景实体由服务器统一管理，可由地图预先放置，不必属于中立作战单位；不参与单位卡、维护费或单位价值KD。房屋不取得玩家归属，只记录内部人员及其队伍。","当前规范正文；早期原始需求／独立推导未找到，不等于复制认定","来源链不全；不据此判定MEDIUM／HIGH复制风险","未找到完整上游来源"
"WORLD_VISIBILITY","docs/constraints/design/WORLD_VISIBILITY.md","15","23 场景实体、驻扎与比例减伤","场景实体分类","| 类型 | 规则 |","当前规范正文；早期原始需求／独立推导未找到，不等于复制认定","来源链不全；不据此判定MEDIUM／HIGH复制风险","未找到完整上游来源"
"WORLD_VISIBILITY","docs/constraints/design/WORLD_VISIBILITY.md","17","23 场景实体、驻扎与比例减伤","场景实体分类","| 树林 | 范围内隐蔽×2；无物理碰撞，不阻挡移动、弹丸，也不额外遮断视线 |","当前规范正文；早期原始需求／独立推导未找到，不等于复制认定","来源链不全；不据此判定MEDIUM／HIGH复制风险","未找到完整上游来源"
"WORLD_VISIBILITY","docs/constraints/design/WORLD_VISIBILITY.md","18","23 场景实体、驻扎与比例减伤","场景实体分类","| 障碍物 | 物理遮挡弹道与视线；移动阻挡沿用场景设置 |","当前规范正文；早期原始需求／独立推导未找到，不等于复制认定","来源链不全；不据此判定MEDIUM／HIGH复制风险","未找到完整上游来源"
"WORLD_VISIBILITY","docs/constraints/design/WORLD_VISIBILITY.md","19","23 场景实体、驻扎与比例减伤","场景实体分类","| 房屋 | 遮挡弹道与视线，可进驻步兵；毁后保留阻挡但不能再次进驻 |","当前规范正文；早期原始需求／独立推导未找到，不等于复制认定","来源链不全；不据此判定MEDIUM／HIGH复制风险","未找到完整上游来源"
"WORLD_VISIBILITY","docs/constraints/design/WORLD_VISIBILITY.md","21","23 场景实体、驻扎与比例减伤","场景实体分类","树林范围统一以单位中心判定；步兵按班组中心，整班同时获得／失去加成，车辆按自身中心。不逐士兵判定，重叠树林只翻倍，不叠加。树林是否可受伤／摧毁未确定，不自动套用房屋规则。","当前规范正文；早期原始需求／独立推导未找到，不等于复制认定","来源链不全；不据此判定MEDIUM／HIGH复制风险","未找到完整上游来源"
"WORLD_VISIBILITY","docs/constraints/design/WORLD_VISIBILITY.md","25","23 场景实体、驻扎与比例减伤","房屋进驻","房屋仅设置最大容纳人数，不计算载重；班组按满编人数占容量，伤亡不减占用，只能整班进入。同队不同玩家可以共同驻扎，各自指挥自己的步兵。已有敌方驻军时不能进入，不增加室内近战争夺。","当前规范正文；早期原始需求／独立推导未找到，不等于复制认定","来源链不全；不据此判定MEDIUM／HIGH复制风险","未找到完整上游来源"
"WORLD_VISIBILITY","docs/constraints/design/WORLD_VISIBILITY.md","27","23 场景实体、驻扎与比例减伤","房屋进驻","选步兵右键房屋进驻，U离开；直接移动命令先离开再前往目的地。进出统一短读条，时长待定，不受恐慌／失能延长。人员生命、人数、压制及武器手动开关不因进出改变。","当前规范正文；早期原始需求／独立推导未找到，不等于复制认定","来源链不全；不据此判定MEDIUM／HIGH复制风险","未找到完整上游来源"
"WORLD_VISIBILITY","docs/constraints/design/WORLD_VISIBILITY.md","29","23 场景实体、驻扎与比例减伤","房屋进驻","每把武器单独设置“房屋内可开火”标签；不允许的停火，允许的正常使用，不因某把武器禁用而禁止整班进驻。离开后恢复室外资格，不打开玩家关闭的武器。弹丸从房屋几何中心发出，忽略所在房屋自身碰撞；其他地形、建筑和单位照常阻挡，不计算窗户或射界。","当前规范正文；早期原始需求／独立推导未找到，不等于复制认定","来源链不全；不据此判定MEDIUM／HIGH复制风险","未找到完整上游来源"
"WORLD_VISIBILITY","docs/constraints/design/WORLD_VISIBILITY.md","33","23 场景实体、驻扎与比例减伤","攻击驻军与房屋毁损","被发现驻军仍可作为独立单位目标，位置视为房屋中心。指定攻击驻军的弹道忽略所在房屋阻挡，按步兵防护及减伤结算。指定攻击房屋只直接扣房屋生命，同一次直击不同时扣二者；爆炸可以分别伤及房屋与内部班组，每个对象结算一次。","当前规范正文；早期原始需求／独立推导未找到，不等于复制认定","来源链不全；不据此判定MEDIUM／HIGH复制风险","未找到完整上游来源"
"WORLD_VISIBILITY","docs/constraints/design/WORLD_VISIBILITY.md","35","23 场景实体、驻扎与比例减伤","攻击驻军与房屋毁损","房屋被毁强制内部步兵离开，承受固定逃生伤害与压制，不重复承受摧毁房屋的同一次攻击伤害；固定逃生数值待定，沿用运输损失思路。毁后房屋换破损外观，保留原阻挡范围，不再受伤、不能清除或再次进驻。","当前规范正文；早期原始需求／独立推导未找到，不等于复制认定","来源链不全；不据此判定MEDIUM／HIGH复制风险","未找到完整上游来源"
"WORLD_VISIBILITY","docs/constraints/design/WORLD_VISIBILITY.md","39","23 场景实体、驻扎与比例减伤","减伤比例与减伤无视","比例减伤在动能／化学防护结算之后应用，浮点伤害：","当前规范正文；早期原始需求／独立推导未找到，不等于复制认定","来源链不全；不据此判定MEDIUM／HIGH复制风险","未找到完整上游来源"
"WORLD_VISIBILITY","docs/constraints/design/WORLD_VISIBILITY.md","41","23 场景实体、驻扎与比例减伤","减伤比例与减伤无视","有效减伤＝最高适用减伤比例×（1－弹药减伤无视比例）。","当前规范正文；早期原始需求／独立推导未找到，不等于复制认定","来源链不全；不据此判定MEDIUM／HIGH复制风险","未找到完整上游来源"
"WORLD_VISIBILITY","docs/constraints/design/WORLD_VISIBILITY.md","43","23 场景实体、驻扎与比例减伤","减伤比例与减伤无视","最终伤害＝防护结算后伤害×（1－有效减伤）。","当前规范正文；早期原始需求／独立推导未找到，不等于复制认定","来源链不全；不据此判定MEDIUM／HIGH复制风险","未找到完整上游来源"
"WORLD_VISIBILITY","docs/constraints/design/WORLD_VISIBILITY.md","45","23 场景实体、驻扎与比例减伤","减伤比例与减伤无视","比例减伤仅由掩体保护提供。步兵本体无自身比例减伤，平静、恐慌、失能状态均不赋予比例减伤；无掩体步兵按防护公式直接结算生命伤害。不同类型掩体分别配置减伤比例，具体数值后续确定，不沿用房屋统一50%的旧默认值。步兵动能／化学能防护仍保留，不与比例减伤混同。","当前规范正文；早期原始需求／独立推导未找到，不等于复制认定","来源链不全；不据此判定MEDIUM／HIGH复制风险","未找到完整上游来源"
"WORLD_VISIBILITY","docs/constraints/design/WORLD_VISIBILITY.md","47","23 场景实体、驻扎与比例减伤","减伤比例与减伤无视","多个适用掩体减伤来源只取最高，不叠加。人员状态变化不取消已有掩体保护。掩体自身不自动享受其向驻军提供的减伤；固定逃生伤害不享受该房屋驻扎减伤。","当前规范正文；早期原始需求／独立推导未找到，不等于复制认定","来源链不全；不据此判定MEDIUM／HIGH复制风险","未找到完整上游来源"
"WORLD_VISIBILITY","docs/constraints/design/WORLD_VISIBILITY.md","49","23 场景实体、驻扎与比例减伤","减伤比例与减伤无视","减伤及无视只改变生命伤害，不改变击穿判定、动能／化学防护、压制或模块破坏，不绕过遮挡。每把武器设置减伤无视比例，范围0%～100%，具体数值以后定义，不预设直射0%或曲射100%。普通无其他来源的比例减伤默认为0%，减伤比例范围0%～100%。","当前规范正文；早期原始需求／独立推导未找到，不等于复制认定","来源链不全；不据此判定MEDIUM／HIGH复制风险","未找到完整上游来源"
"WORLD_VISIBILITY","docs/constraints/design/WORLD_VISIBILITY.md","53","23 场景实体、驻扎与比例减伤","通用隐蔽、暴露与消音","单位具有基础隐蔽倍率，普通基准1；发现距离＝观察者视野距离÷目标有效隐蔽倍率，同时检查地形视线，并沿用队伍共享发现。基础数值按单位以后设置。","当前规范正文；早期原始需求／独立推导未找到，不等于复制认定","来源链不全；不据此判定MEDIUM／HIGH复制风险","未找到完整上游来源"
"WORLD_VISIBILITY","docs/constraints/design/WORLD_VISIBILITY.md","55","23 场景实体、驻扎与比例减伤","通用隐蔽、暴露与消音","实际发射武器后，有效隐蔽倍率暂降至1；停火一段时间恢复基础与树林加成。移动、瞄准、装填不触发额外暴露，离开树林立即取消树林加成。开火不全图点亮，仍需满足发现距离与视线。","当前规范正文；早期原始需求／独立推导未找到，不等于复制认定","来源链不全；不据此判定MEDIUM／HIGH复制风险","未找到完整上游来源"
"WORLD_VISIBILITY","docs/constraints/design/WORLD_VISIBILITY.md","57","23 场景实体、驻扎与比例减伤","通用隐蔽、暴露与消音","每把武器可有“消音”标签，缩减比例为统一固定值，不随武器、阵营、人员状态等变化，具体值待定：该武器暴露持续时间＝基础暴露时间×（1－消音缩减比例）。每次发射刷新该武器造成的暴露，直到班组所有武器造成的暴露均结束才恢复隐蔽。消音不改变瞬间隐蔽损失，不减伤，不新增声音传播或听觉侦测；持续时间与缩减比例待定。","当前规范正文；早期原始需求／独立推导未找到，不等于复制认定","来源链不全；不据此判定MEDIUM／HIGH复制风险","未找到完整上游来源"
"WORLD_VISIBILITY","docs/constraints/design/WORLD_VISIBILITY.md","59","23 场景实体、驻扎与比例减伤","通用隐蔽、暴露与消音","烟雾保持遮断视线，无物理碰撞，不挡移动弹丸，不提供隐蔽倍率。开火不能看穿烟雾；烟雾内仍计算通用暴露，但发现必须满足视线条件。烟雾继续阻断镭射。","当前规范正文；早期原始需求／独立推导未找到，不等于复制认定","来源链不全；不据此判定MEDIUM／HIGH复制风险","未找到完整上游来源"
"UI_INPUT","docs/constraints/design/UI_INPUT.md","13","14 兵牌、详细信息面板与鼠标交互","兵牌主体","兵牌是最小可独立指挥单位在场上的唯一权威位置指示：步兵以班组为最小单位，装甲以单车为最小单位。兵牌与单位当前模型的位置绑定，当前模型可使用自动生成占位模型，后续替换正式模型不改变兵牌规则。兵牌随相机视角缩放进行有下限的比例缩放，近景保持可读性，远景适度缩小以减少遮挡；Demo阶段密集单位兵牌不做自动偏移或避让，允许发生重叠，后续保留优化可能。","当前规范正文；早期原始需求／独立推导未找到，不等于复制认定","来源链不全；不据此判定MEDIUM／HIGH复制风险","未找到完整上游来源"
"UI_INPUT","docs/constraints/design/UI_INPUT.md","15","14 兵牌、详细信息面板与鼠标交互","兵牌主体","兵牌主体统一为玩家颜色矩形边框＋灰色填充背景＋中央单位识别图案。当前玩家所属单位在自己的客户端显示蓝色，在其他玩家客户端显示绿色；颜色是本地观察者相对归属表现，不改变服务器所有权。未来待办：扩展可支持玩家数量，并允许玩家自定义其他玩家在自己客户端的颜色；本轮不启用这些扩展。玩家颜色边框只承担归属识别。具体识别图案、美术图标、槽位尺寸及间距后续替换或细化，不改变本节信息结构。兵牌本体不附生命条，不常驻显示单位名称、武器、弹药、速度等详细数值。","当前规范正文；早期原始需求／独立推导未找到，不等于复制认定","来源链不全；不据此判定MEDIUM／HIGH复制风险","未找到完整上游来源"
"UI_INPUT","docs/constraints/design/UI_INPUT.md","17","14 兵牌、详细信息面板与鼠标交互","兵牌主体","人员正常时使用灰色填充；恐慌时兵牌主体改为黄色－灰色渐变填充；失能时改为红色－灰色渐变填充。该人员状态表达同时适用于步兵与装甲。步兵另在兵牌下方显示阿拉伯数字的当前班组人数，班组人数属于独立指示器，不归入生存状态指示器。","当前规范正文；早期原始需求／独立推导未找到，不等于复制认定","来源链不全；不据此判定MEDIUM／HIGH复制风险","未找到完整上游来源"
"UI_INPUT","docs/constraints/design/UI_INPUT.md","21","14 兵牌、详细信息面板与鼠标交互","兵牌派生状态指示器","状态指示器均从兵牌位置派生，不独立代表单位。现行类别保留为生存状态、工作状态、开火、行为状态和搭载状态。具体图标以后加入，当前只固定框架、位置和语义。","当前规范正文；早期原始需求／独立推导未找到，不等于复制认定","来源链不全；不据此判定MEDIUM／HIGH复制风险","未找到完整上游来源"
"UI_INPUT","docs/constraints/design/UI_INPUT.md","23","14 兵牌、详细信息面板与鼠标交互","兵牌派生状态指示器","| 类别 | 位置与规则 |","当前规范正文；早期原始需求／独立推导未找到，不等于复制认定","来源链不全；不据此判定MEDIUM／HIGH复制风险","未找到完整上游来源"
"UI_INPUT","docs/constraints/design/UI_INPUT.md","25","14 兵牌、详细信息面板与鼠标交互","兵牌派生状态指示器","| 生存状态 | 人员状态通过兵牌主体背景表达。装甲另在右侧自上而下预留观瞄、装填、机动三个状态槽；正常隐藏，轻度受损黄、重度受损红 |","当前规范正文；早期原始需求／独立推导未找到，不等于复制认定","来源链不全；不据此判定MEDIUM／HIGH复制风险","未找到完整上游来源"
"UI_INPUT","docs/constraints/design/UI_INPUT.md","26","14 兵牌、详细信息面板与鼠标交互","兵牌派生状态指示器","| 工作状态 | 兵牌左侧自上而下固定为镭射、禁火、交战中三个独立槽位；三者互不排斥，可同时存在；未激活时不显示具体图标 |","当前规范正文；早期原始需求／独立推导未找到，不等于复制认定","来源链不全；不据此判定MEDIUM／HIGH复制风险","未找到完整上游来源"
"UI_INPUT","docs/constraints/design/UI_INPUT.md","27","14 兵牌、详细信息面板与鼠标交互","兵牌派生状态指示器","| 开火指示器 | 仅装甲单位使用，位于兵牌下方；统一白色进度条，只提示距离下一次开火的剩余时间。瞄准与装填同时存在时，显示预计更晚完成、即实际限制下一次开火时间的那一项；两者均完成时隐藏。当前机炮按机炮炮塔处理，车载武器仍指炮塔／车体派生的车载武器槽位中的武器 |","当前规范正文；早期原始需求／独立推导未找到，不等于复制认定","来源链不全；不据此判定MEDIUM／HIGH复制风险","未找到完整上游来源"
"UI_INPUT","docs/constraints/design/UI_INPUT.md","28","14 兵牌、详细信息面板与鼠标交互","兵牌派生状态指示器","| 行为状态 | 保留独立类别，沿用现有可见性和行为规则；当前已定义的仅还击状态仍只对己方显示，不在详细信息面板重复 |","当前规范正文；早期原始需求／独立推导未找到，不等于复制认定","来源链不全；不据此判定MEDIUM／HIGH复制风险","未找到完整上游来源"
"UI_INPUT","docs/constraints/design/UI_INPUT.md","29","14 兵牌、详细信息面板与鼠标交互","兵牌派生状态指示器","| 搭载状态 | 位于兵牌上方；仅搭载步兵时显示搭载人数，存在混合货物时仅显示搭载图标，不用数字表示混合载荷 |","当前规范正文；早期原始需求／独立推导未找到，不等于复制认定","来源链不全；不据此判定MEDIUM／HIGH复制风险","未找到完整上游来源"
"UI_INPUT","docs/constraints/design/UI_INPUT.md","31","14 兵牌、详细信息面板与鼠标交互","兵牌派生状态指示器","受损状态对双方的可见性继续沿用既有规则：敌方仅在点亮时获得实时状态，失视后不泄露新的变化。所有兵牌派生状态均不增加悬停文字。","当前规范正文；早期原始需求／独立推导未找到，不等于复制认定","来源链不全；不据此判定MEDIUM／HIGH复制风险","未找到完整上游来源"
"UI_INPUT","docs/constraints/design/UI_INPUT.md","35","14 兵牌、详细信息面板与鼠标交互","主HUD与详细信息面板","当前主HUD信息架构固定为：左侧预留单位订购／出动区域，右侧为战场信息栏，左下保留小地图，小地图右侧延伸为底部详细信息面板；中央主体尽量留给战场视野，仅叠加兵牌、选择反馈、订单指示及必要战术反馈。现阶段只固定信息架构与交互，不绑定最终美术；图标、字体、材质、单位缩略图等美术资源后续补充，允许使用字符、几何图形和临时矢量占位。概念预览图不属于基线资产，也不嵌入本基线。","当前规范正文；早期原始需求／独立推导未找到，不等于复制认定","来源链不全；不据此判定MEDIUM／HIGH复制风险","未找到完整上游来源"
"UI_INPUT","docs/constraints/design/UI_INPUT.md","37","14 兵牌、详细信息面板与鼠标交互","主HUD与详细信息面板","底部区域按从左到右固定为“小地图｜武器信息｜单位摘要｜命令区”。单选后显示对应详细信息；详细信息面板不是兵牌，不承担场上位置指示。单位摘要只显示单位身份与总体存量信息：名称、单位类别／配置、总生命；步兵另显示存活／满编人数。兵牌已承担人员状态、装甲观瞄／装填／机动受损、工作状态、开火与搭载等状态提示，因此详细信息面板不重复这些状态；不显示视野、隐蔽等细数值。","当前规范正文；早期原始需求／独立推导未找到，不等于复制认定","来源链不全；不据此判定MEDIUM／HIGH复制风险","未找到完整上游来源"
"UI_INPUT","docs/constraints/design/UI_INPUT.md","39","14 兵牌、详细信息面板与鼠标交互","主HUD与详细信息面板","武器信息区横向单排并列显示武器类型，超宽时横向滚动，不自动换成第二排。同型号武器合并为“武器名×N”，不展示炮塔、Mount、Weapon Slot或车体／炮塔派生关系；车载武器与班组基本武器采用相同汇总方式。每种武器下方按弹药种类分列该武器类型的当前合计库存，只显示合计弹药，不提供单把武器库存展开。弹药耗尽时保留该弹种并置灰，不因归零而隐藏。步兵班组同型号武器已经按运行通道合并时，界面显示该通道的瞄准与装填状态，不再要求显示同型号内部逐把武器的就绪数；未被通道合并的独立武器仍按各自状态表达。烟雾属于单位能力，不作为武器或弹药卡单独列入武器区。","当前规范正文；早期原始需求／独立推导未找到，不等于复制认定","来源链不全；不据此判定MEDIUM／HIGH复制风险","未找到完整上游来源"
"UI_INPUT","docs/constraints/design/UI_INPUT.md","41","14 兵牌、详细信息面板与鼠标交互","主HUD与详细信息面板","命令区采用固定3×3槽位，单位不具备某项操作时该槽位留空，不允许其他按钮补位。按从上到下、从左到右固定为：","当前规范正文；早期原始需求／独立推导未找到，不等于复制认定","来源链不全；不据此判定MEDIUM／HIGH复制风险","未找到完整上游来源"
"UI_INPUT","docs/constraints/design/UI_INPUT.md","43","14 兵牌、详细信息面板与鼠标交互","主HUD与详细信息面板","| 行 | 左 | 中 | 右 |","当前规范正文；早期原始需求／独立推导未找到，不等于复制认定","来源链不全；不据此判定MEDIUM／HIGH复制风险","未找到完整上游来源"
"UI_INPUT","docs/constraints/design/UI_INPUT.md","45","14 兵牌、详细信息面板与鼠标交互","主HUD与详细信息面板","| 1 | 冲刺／快速移动 | 攻击移动 | 倒车 |","当前规范正文；早期原始需求／独立推导未找到，不等于复制认定","来源链不全；不据此判定MEDIUM／HIGH复制风险","未找到完整上游来源"
"UI_INPUT","docs/constraints/design/UI_INPUT.md","46","14 兵牌、详细信息面板与鼠标交互","主HUD与详细信息面板","| 2 | 烟雾 | 强制开火／T火炮 | 仅还击 |","当前规范正文；早期原始需求／独立推导未找到，不等于复制认定","来源链不全；不据此判定MEDIUM／HIGH复制风险","未找到完整上游来源"
"UI_INPUT","docs/constraints/design/UI_INPUT.md","47","14 兵牌、详细信息面板与鼠标交互","主HUD与详细信息面板","| 3 | 镭射 | 装卸 | 返回基地 |","当前规范正文；早期原始需求／独立推导未找到，不等于复制认定","来源链不全；不据此判定MEDIUM／HIGH复制风险","未找到完整上游来源"
"UI_INPUT","docs/constraints/design/UI_INPUT.md","49","14 兵牌、详细信息面板与鼠标交互","主HUD与详细信息面板","第一格按单位资格显示冲刺或快速移动：当前步兵无快速移动、装甲无冲刺，两者共用槽位且不需要二级菜单。第二行中格对普通直射单位显示强制开火，对火炮显示T火炮入口；当前地面UI中T仅作为火炮入口，其二级菜单覆盖原命令区位置。返回基地固定在右下角并使用黄褐色作为视觉强调。普通移动与普通攻击不设命令区按钮，继续使用既有地图直接交互；移动相关指令由地图右键确认，开火等其他需目标指令由地图左键确认，即时能力点击执行。仅还击按钮亮开暗关、混合半亮；仅还击状态仍只在己方兵牌旁显示，详细信息面板不重复。","当前规范正文；早期原始需求／独立推导未找到，不等于复制认定","来源链不全；不据此判定MEDIUM／HIGH复制风险","未找到完整上游来源"
"UI_INPUT","docs/constraints/design/UI_INPUT.md","53","14 兵牌、详细信息面板与鼠标交互","多选与快捷选择","多选单位条目排序侦查→步兵→装甲→支援→飞机，同类按配置且不因状态跳位，超宽横滚。多选武器区显示多单位，菜单取可用操作并集。","当前规范正文；早期原始需求／独立推导未找到，不等于复制认定","来源链不全；不据此判定MEDIUM／HIGH复制风险","未找到完整上游来源"
"UI_INPUT","docs/constraints/design/UI_INPUT.md","55","14 兵牌、详细信息面板与鼠标交互","多选与快捷选择","单击场上兵牌或Tab循环单单位，保留原集合，指令只对当前单位；Shift+Tab恢复集合。Tab按面板单位条目顺序，阵亡退出删去，当前死亡切下一。双击场上兵牌选屏幕内当前可控同型号同配置单位，不含订单。","当前规范正文；早期原始需求／独立推导未找到，不等于复制认定","来源链不全；不据此判定MEDIUM／HIGH复制风险","未找到完整上游来源"
"UI_INPUT","docs/constraints/design/UI_INPUT.md","59","14 兵牌、详细信息面板与鼠标交互","消息与交互","所有文字提示除当前操作类型外进入右侧战场信息栏，无悬停文字；重复原因去重，同批合并，可定位单位、淡出并展开历史。失败尝试或重要状态变化提示，不在鼠标经过时弹。正常成功靠动画路径反馈。左侧屏幕空间保留给单位订购／出动UI，不再承担消息栏。","当前规范正文；早期原始需求／独立推导未找到，不等于复制认定","来源链不全；不据此判定MEDIUM／HIGH复制风险","未找到完整上游来源"
"UI_INPUT","docs/constraints/design/UI_INPUT.md","61","14 兵牌、详细信息面板与鼠标交互","消息与交互","普通左键选、拖框选、空地清空，Shift左键增减，Shift框选加入。移动相关指令选点右键确认、左键或E退出且不穿透选择；开火等其他指令选点左键确认、E退出，确认不穿透到单位选择；Esc只开菜单。手持订单暗化兵牌左放右取消，E取消订单。界面点击不穿透。","当前规范正文；早期原始需求／独立推导未找到，不等于复制认定","来源链不全；不据此判定MEDIUM／HIGH复制风险","未找到完整上游来源"
"UI_INPUT","docs/constraints/design/UI_INPUT.md","67","15 键位与共键互斥","15 键位与共键互斥","| 键位 | 功能 |","当前规范正文；早期原始需求／独立推导未找到，不等于复制认定","来源链不全；不据此判定MEDIUM／HIGH复制风险","未找到完整上游来源"
"UI_INPUT","docs/constraints/design/UI_INPUT.md","69","15 键位与共键互斥","15 键位与共键互斥","| W A S D | 镜头移动 |","当前规范正文；早期原始需求／独立推导未找到，不等于复制认定","来源链不全；不据此判定MEDIUM／HIGH复制风险","未找到完整上游来源"
"UI_INPUT","docs/constraints/design/UI_INPUT.md","70","15 键位与共键互斥","15 键位与共键互斥","| Q | 地面攻击移动或敌方指定攻击 |","当前规范正文；早期原始需求／独立推导未找到，不等于复制认定","来源链不全；不据此判定MEDIUM／HIGH复制风险","未找到完整上游来源"
"UI_INPUT","docs/constraints/design/UI_INPUT.md","71","15 键位与共键互斥","15 键位与共键互斥","| E | 退出交互；无交互时取消任务清队列 |","当前规范正文；早期原始需求／独立推导未找到，不等于复制认定","来源链不全；不据此判定MEDIUM／HIGH复制风险","未找到完整上游来源"
"UI_INPUT","docs/constraints/design/UI_INPUT.md","72","15 键位与共键互斥","15 键位与共键互斥","| Esc | 打开菜单 |","当前规范正文；早期原始需求／独立推导未找到，不等于复制认定","来源链不全；不据此判定MEDIUM／HIGH复制风险","未找到完整上游来源"
"UI_INPUT","docs/constraints/design/UI_INPUT.md","73","15 键位与共键互斥","15 键位与共键互斥","| R / F / G | 倒车 / 快速移动 / 强制开火 |","当前规范正文；早期原始需求／独立推导未找到，不等于复制认定","来源链不全；不据此判定MEDIUM／HIGH复制风险","未找到完整上游来源"
"UI_INPUT","docs/constraints/design/UI_INPUT.md","74","15 键位与共键互斥","15 键位与共键互斥","| H | 仅还击开关 |","当前规范正文；早期原始需求／独立推导未找到，不等于复制认定","来源链不全；不据此判定MEDIUM／HIGH复制风险","未找到完整上游来源"
"UI_INPUT","docs/constraints/design/UI_INPUT.md","75","15 键位与共键互斥","15 键位与共键互斥","| T | 火炮开火／未来导弹精确打击／飞机精确投弹 |","当前规范正文；早期原始需求／独立推导未找到，不等于复制认定","来源链不全；不据此判定MEDIUM／HIGH复制风险","未找到完整上游来源"
"UI_INPUT","docs/constraints/design/UI_INPUT.md","76","15 键位与共键互斥","15 键位与共键互斥","| U / B | 卸载 / 返回基地退款 |","当前规范正文；早期原始需求／独立推导未找到，不等于复制认定","来源链不全；不据此判定MEDIUM／HIGH复制风险","未找到完整上游来源"
"UI_INPUT","docs/constraints/design/UI_INPUT.md","77","15 键位与共键互斥","15 键位与共键互斥","| X | 烟雾／未来干扰物 |","当前规范正文；早期原始需求／独立推导未找到，不等于复制认定","来源链不全；不据此判定MEDIUM／HIGH复制风险","未找到完整上游来源"
"UI_INPUT","docs/constraints/design/UI_INPUT.md","78","15 键位与共键互斥","15 键位与共键互斥","| Z | 冲刺／雷达操作／未来增压 |","当前规范正文；早期原始需求／独立推导未找到，不等于复制认定","来源链不全；不据此判定MEDIUM／HIGH复制风险","未找到完整上游来源"
"UI_INPUT","docs/constraints/design/UI_INPUT.md","79","15 键位与共键互斥","15 键位与共键互斥","| C / Y / V | 改变高度 / 镭射指示 / 空投（高度与空投待航空启用） |","当前规范正文；早期原始需求／独立推导未找到，不等于复制认定","来源链不全；不据此判定MEDIUM／HIGH复制风险","未找到完整上游来源"
"UI_INPUT","docs/constraints/design/UI_INPUT.md","80","15 键位与共键互斥","15 键位与共键互斥","| Shift | 追加任务 |","当前规范正文；早期原始需求／独立推导未找到，不等于复制认定","来源链不全；不据此判定MEDIUM／HIGH复制风险","未找到完整上游来源"
"UI_INPUT","docs/constraints/design/UI_INPUT.md","81","15 键位与共键互斥","15 键位与共键互斥","| Tab / Shift 加 Tab | 循环单选 / 恢复原多选 |","当前规范正文；早期原始需求／独立推导未找到，不等于复制认定","来源链不全；不据此判定MEDIUM／HIGH复制风险","未找到完整上游来源"
"UI_INPUT","docs/constraints/design/UI_INPUT.md","82","15 键位与共键互斥","15 键位与共键互斥","| Ctrl 加数字 | 保存覆盖编组，1至9及0 |","当前规范正文；早期原始需求／独立推导未找到，不等于复制认定","来源链不全；不据此判定MEDIUM／HIGH复制风险","未找到完整上游来源"
"UI_INPUT","docs/constraints/design/UI_INPUT.md","83","15 键位与共键互斥","15 键位与共键互斥","| 数字 / 连按数字 | 选择编组 / 定位镜头至组中心 |","当前规范正文；早期原始需求／独立推导未找到，不等于复制认定","来源链不全；不据此判定MEDIUM／HIGH复制风险","未找到完整上游来源"
"UI_INPUT","docs/constraints/design/UI_INPUT.md","84","15 键位与共键互斥","15 键位与共键互斥","| Shift 加数字 | 编组加入当前选择 |","当前规范正文；早期原始需求／独立推导未找到，不等于复制认定","来源链不全；不据此判定MEDIUM／HIGH复制风险","未找到完整上游来源"
"UI_INPUT","docs/constraints/design/UI_INPUT.md","86","15 键位与共键互斥","15 键位与共键互斥","同一单位的X、Z、T各只能具备一种对应操作，局外配置提示互斥。多选含同键不同操作时提示“存在互斥操作”，该键整组忽略，菜单隐藏对应项。没有对应操作不算冲突；冷却缺弹仍算拥有操作。只有一种操作正常显示菜单及CD，不需要例外。Q的目标语境不属于互斥。","当前规范正文；早期原始需求／独立推导未找到，不等于复制认定","来源链不全；不据此判定MEDIUM／HIGH复制风险","未找到完整上游来源"
"UI_INPUT","docs/constraints/design/UI_INPUT.md","88","15 键位与共键互斥","15 键位与共键互斥","统一用“增压”“干扰物”，原涡轮及热诱称呼取消。J与X合并至X，J不绑定；K L N O P旧绑定取消，不单设导弹炸弹键。","当前规范正文；早期原始需求／独立推导未找到，不等于复制认定","来源链不全；不据此判定MEDIUM／HIGH复制风险","未找到完整上游来源"
"UI_INPUT","docs/constraints/design/UI_INPUT.md","90","15 键位与共键互斥","15 键位与共键互斥","同一单位可属于多编组，编组不改任务。退出战场移除，补购不自动加入；Tab单选保存只含当前单位。载员保编组但移动不自动卸载。空组不改选择。","当前规范正文；早期原始需求／独立推导未找到，不等于复制认定","来源链不全；不据此判定MEDIUM／HIGH复制风险","未找到完整上游来源"
"MATCH_MISSION","docs/constraints/design/MATCH_MISSION.md","11","16 合作权限与掉线撤退","16 合作权限与掉线撤退","队友单位仅能查看，不能操作；己方单位不能搭乘队友运输车。共享视野、共享补给及共享镭射标记保留。不存在任何控制权转移。","当前规范正文；早期原始需求／独立推导未找到，不等于复制认定","来源链不全；不据此判定MEDIUM／HIGH复制风险","未找到完整上游来源"
"MATCH_MISSION","docs/constraints/design/MATCH_MISSION.md","13","16 合作权限与掉线撤退","16 合作权限与掉线撤退","玩家掉线后，可移动单位自动执行返回出生点退款，途中正常受击并计维护费。车内单位随运输车撤退，到达后与载具分别退款，不先卸载。自身基础移速为0的装备，自动触发主动放弃：无需人工确认，仍读条3秒且可被击毁；撤离人员生成后自动返基地。恐慌及失能步兵仍有移动能力，直接撤退，不因此触发放弃。","当前规范正文；早期原始需求／独立推导未找到，不等于复制认定","来源链不全；不据此判定MEDIUM／HIGH复制风险","未找到完整上游来源"
"MATCH_MISSION","docs/constraints/design/MATCH_MISSION.md","15","16 合作权限与掉线撤退","16 合作权限与掉线撤退","掉线时取消所有未生成订单（含手持、读秒及等待部署），全额退款释放名额。临时堵路不视为无法移动，继续等待通路。在线玩家继续对局，不暂停、不因队友掉线直接判负。当前不提供断线重连，不设计恢复任务等流程。","当前规范正文；早期原始需求／独立推导未找到，不等于复制认定","来源链不全；不据此判定MEDIUM／HIGH复制风险","未找到完整上游来源"
"MATCH_MISSION","docs/constraints/design/MATCH_MISSION.md","17","16 合作权限与掉线撤退","16 合作权限与掉线撤退","正常对局经济账户独立，初始余额与基础收入按[第3节](DEPLOYMENT_ECONOMY.md#section-3)，不能直接转账。掉线后该玩家后续基础收入均分给在线队友，开局总基础收入保持不变。设开局玩家数N、在线人数n>0，每名在线玩家基础收入为300N/n分/分钟，每5秒到账25N/n；双人剩一人为600/分钟、50/5秒。维护费仍各自计算，不把掉线单位维护转嫁给队友。掉线玩家原余额、订单退款及撤退退款不分给在线玩家；掉线玩家不再领取基础收入。无人在线时不分配收入。","当前规范正文；早期原始需求／独立推导未找到，不等于复制认定","来源链不全；不据此判定MEDIUM／HIGH复制风险","未找到完整上游来源"
"MATCH_MISSION","docs/constraints/design/MATCH_MISSION.md","19","16 合作权限与掉线撤退","16 合作权限与掉线撤退","地面补给点不属于单个玩家，掉线不移除，按队伍归属继续服务。移动补给车随单位撤退，途中仅在正常停车服务条件成立时提供补给，不为补满队友而停留；携带库存随车撤离，不主动卸下。","当前规范正文；早期原始需求／独立推导未找到，不等于复制认定","来源链不全；不据此判定MEDIUM／HIGH复制风险","未找到完整上游来源"
"MATCH_MISSION","docs/constraints/design/MATCH_MISSION.md","25","25 战斗节奏与单位生存性","25 战斗节奏与单位生存性","本节为用户确认的现行基线，覆盖旧的较长TTK／生存时间设定。平衡目标不是硬性倒计时，不直接授权修改正式DATA或扩展当前实现阶段。","当前规范正文；早期原始需求／独立推导未找到，不等于复制认定","来源链不全；不据此判定MEDIUM／HIGH复制风险","未找到完整上游来源"
"MATCH_MISSION","docs/constraints/design/MATCH_MISSION.md","29","25 战斗节奏与单位生存性","模式与首版边界","核心模式为单人／双人合作PVE。标准任务局内时间固定为25分钟，阶段及节奏按[第25节](MATCH_MISSION.md#section-25)；首个任务为据点防守，敌军完全占领即失败，坚持到结束未完全失守即胜利，不要求清敌。首版一个阵营、两个专精、一张地图，具体波次暂跳过。叛军复用既有单位；虫族与机器人尚无已确认实现规则。全体系规划步兵、装甲、快速及未来空军专精，航空尚未启用，但基础弹丸设计须兼容空对空导弹与投弹。","当前规范正文；早期原始需求／独立推导未找到，不等于复制认定","来源链不全；不据此判定MEDIUM／HIGH复制风险","未找到完整上游来源"
"MATCH_MISSION","docs/constraints/design/MATCH_MISSION.md","33","25 战斗节奏与单位生存性","标准任务时间结构","标准任务固定25分钟：","当前规范正文；早期原始需求／独立推导未找到，不等于复制认定","来源链不全；不据此判定MEDIUM／HIGH复制风险","未找到完整上游来源"
"MATCH_MISSION","docs/constraints/design/MATCH_MISSION.md","35","25 战斗节奏与单位生存性","标准任务时间结构","| 阶段 | 时间 | 目标 |","当前规范正文；早期原始需求／独立推导未找到，不等于复制认定","来源链不全；不据此判定MEDIUM／HIGH复制风险","未找到完整上游来源"
"MATCH_MISSION","docs/constraints/design/MATCH_MISSION.md","37","25 战斗节奏与单位生存性","标准任务时间结构","| 战前部署 | 0–1分钟 | 购买、编组、部署、交流思路、分配任务和规划机动轴线；所有单位冻结，不得提前出动 |","当前规范正文；早期原始需求／独立推导未找到，不等于复制认定","来源链不全；不据此判定MEDIUM／HIGH复制风险","未找到完整上游来源"
"MATCH_MISSION","docs/constraints/design/MATCH_MISSION.md","38","25 战斗节奏与单位生存性","标准任务时间结构","| 展开 | 1–9分钟 | 部队展开与武装侦察；先头约2–3分钟进入可能接触地域，开局主要支援约3–5分钟形成有效作战能力；允许短促、小规模、高杀伤交火，原则上不普遍提前发展为全部主力决战；第9分钟基本建立态势和展开主要战斗体系 |","当前规范正文；早期原始需求／独立推导未找到，不等于复制认定","来源链不全；不据此判定MEDIUM／HIGH复制风险","未找到完整上游来源"
"MATCH_MISSION","docs/constraints/design/MATCH_MISSION.md","39","25 战斗节奏与单位生存性","标准任务时间结构","| 全面战斗 | 9–17分钟 | 主要8分钟高强度窗口；突破、反击、火力集中和阵地争夺集中于此；正常配置且无明显弹药浪费的主战单位无需补给完成该窗口 |","当前规范正文；早期原始需求／独立推导未找到，不等于复制认定","来源链不全；不据此判定MEDIUM／HIGH复制风险","未找到完整上游来源"
"MATCH_MISSION","docs/constraints/design/MATCH_MISSION.md","40","25 战斗节奏与单位生存性","标准任务时间结构","| 后续作战 | 17–25分钟 | 先期力量明显人员、装备和弹药损耗；选择继续使用、撤出补给维修、投入预备队、集中余力扩大战果或最后高风险反击；不得成为垃圾时间，优势须通过纵深推进、保持关键地域或完成后续任务转为最终胜利 |","当前规范正文；早期原始需求／独立推导未找到，不等于复制认定","来源链不全；不据此判定MEDIUM／HIGH复制风险","未找到完整上游来源"
"MATCH_MISSION","docs/constraints/design/MATCH_MISSION.md","44","25 战斗节奏与单位生存性","生存性与核心杀伤原则","单位生存时间从首次有效接敌起，计算到无法有效继续承担原有战术任务，而非生成到彻底摧毁。战术失能可来自严重减员、关键武器损失、主武器或机动系统损坏、弹药耗尽、严重压制、被迫撤离或完全摧毁；失能率不等同死亡率或装备彻底毁伤率。本节定义不替换[第9节](COMBAT_RULES.md#section-9)压制失能状态与阈值。","当前规范正文；早期原始需求／独立推导未找到，不等于复制认定","来源链不全；不据此判定MEDIUM／HIGH复制风险","未找到完整上游来源"
"MATCH_MISSION","docs/constraints/design/MATCH_MISSION.md","46","25 战斗节奏与单位生存性","生存性与核心杀伤原则","采用“接敌慢，决胜快”。通过侦察、隐蔽、掩体、机动、射界控制和阶段性交火延长寿命；被发现且暴露于有效杀伤手段后，不依赖高生命值长期承受攻击。禁止HP海绵，寿命主要来自避免有效攻击。","当前规范正文；早期原始需求／独立推导未找到，不等于复制认定","来源链不全；不据此判定MEDIUM／HIGH复制风险","未找到完整上游来源"
"MATCH_MISSION","docs/constraints/design/MATCH_MISSION.md","50","25 战斗节奏与单位生存性","局部失能时间","前提为目标已发现、射击条件基本成立、持续受到匹配武器有效攻击：","当前规范正文；早期原始需求／独立推导未找到，不等于复制认定","来源链不全；不据此判定MEDIUM／HIGH复制风险","未找到完整上游来源"
"MATCH_MISSION","docs/constraints/design/MATCH_MISSION.md","52","25 战斗节奏与单位生存性","局部失能时间","| 作战情况 | 平衡目标 |","当前规范正文；早期原始需求／独立推导未找到，不等于复制认定","来源链不全；不据此判定MEDIUM／HIGH复制风险","未找到完整上游来源"
"MATCH_MISSION","docs/constraints/design/MATCH_MISSION.md","54","25 战斗节奏与单位生存性","局部失能时间","| 开阔地步兵遭有效火力覆盖 | 10–30秒显著减员或失能 |","当前规范正文；早期原始需求／独立推导未找到，不等于复制认定","来源链不全；不据此判定MEDIUM／HIGH复制风险","未找到完整上游来源"
"MATCH_MISSION","docs/constraints/design/MATCH_MISSION.md","55","25 战斗节奏与单位生存性","局部失能时间","| 普通掩体步兵正面交火 | 45–120秒分出明显结果 |","当前规范正文；早期原始需求／独立推导未找到，不等于复制认定","来源链不全；不据此判定MEDIUM／HIGH复制风险","未找到完整上游来源"
"MATCH_MISSION","docs/constraints/design/MATCH_MISSION.md","56","25 战斗节奏与单位生存性","局部失能时间","| 强固地形步兵防御 | 2–4分钟 |","当前规范正文；早期原始需求／独立推导未找到，不等于复制认定","来源链不全；不据此判定MEDIUM／HIGH复制风险","未找到完整上游来源"
"MATCH_MISSION","docs/constraints/design/MATCH_MISSION.md","57","25 战斗节奏与单位生存性","局部失能时间","| AT、机枪、观察组暴露且准确发现 | 10–20秒进入极高损失风险 |","当前规范正文；早期原始需求／独立推导未找到，不等于复制认定","来源链不全；不据此判定MEDIUM／HIGH复制风险","未找到完整上游来源"
"MATCH_MISSION","docs/constraints/design/MATCH_MISSION.md","58","25 战斗节奏与单位生存性","局部失能时间","| 轻型车辆遭匹配反装甲火力捕获 | 3–10秒 |","当前规范正文；早期原始需求／独立推导未找到，不等于复制认定","来源链不全；不据此判定MEDIUM／HIGH复制风险","未找到完整上游来源"
"MATCH_MISSION","docs/constraints/design/MATCH_MISSION.md","59","25 战斗节奏与单位生存性","局部失能时间","| APC／IFV遭匹配反装甲武器有效攻击 | 5–20秒 |","当前规范正文；早期原始需求／独立推导未找到，不等于复制认定","来源链不全；不据此判定MEDIUM／HIGH复制风险","未找到完整上游来源"
"MATCH_MISSION","docs/constraints/design/MATCH_MISSION.md","60","25 战斗节奏与单位生存性","局部失能时间","| 坦克进入敌方已建立射击条件的有效杀伤区 | 5–15秒出现首辆失能 |","当前规范正文；早期原始需求／独立推导未找到，不等于复制认定","来源链不全；不据此判定MEDIUM／HIGH复制风险","未找到完整上游来源"
"MATCH_MISSION","docs/constraints/design/MATCH_MISSION.md","61","25 战斗节奏与单位生存性","局部失能时间","| 坦克双方利用掩体和机动局部交战 | 30–120秒形成明显结果 |","当前规范正文；早期原始需求／独立推导未找到，不等于复制认定","来源链不全；不据此判定MEDIUM／HIGH复制风险","未找到完整上游来源"
"MATCH_MISSION","docs/constraints/design/MATCH_MISSION.md","62","25 战斗节奏与单位生存性","局部失能时间","| 迫击炮／炮兵可靠定位后受到有效反制 | 30–60秒内开始转移，否则损失风险快速升高 |","当前规范正文；早期原始需求／独立推导未找到，不等于复制认定","来源链不全；不据此判定MEDIUM／HIGH复制风险","未找到完整上游来源"
"MATCH_MISSION","docs/constraints/design/MATCH_MISSION.md","64","25 战斗节奏与单位生存性","局部失能时间","允许武器、地形、训练水平、数量优势和战术态势造成较大波动；训练水平描述不新增未经确认的训练属性或经验成长机制。","当前规范正文；早期原始需求／独立推导未找到，不等于复制认定","来源链不全；不据此判定MEDIUM／HIGH复制风险","未找到完整上游来源"
"MATCH_MISSION","docs/constraints/design/MATCH_MISSION.md","68","25 战斗节奏与单位生存性","战术寿命与全局损耗","正常使用，从首次有效接敌计算：","当前规范正文；早期原始需求／独立推导未找到，不等于复制认定","来源链不全；不据此判定MEDIUM／HIGH复制风险","未找到完整上游来源"
"MATCH_MISSION","docs/constraints/design/MATCH_MISSION.md","70","25 战斗节奏与单位生存性","战术寿命与全局损耗","| 类别 | 典型战术寿命 |","当前规范正文；早期原始需求／独立推导未找到，不等于复制认定","来源链不全；不据此判定MEDIUM／HIGH复制风险","未找到完整上游来源"
"MATCH_MISSION","docs/constraints/design/MATCH_MISSION.md","72","25 战斗节奏与单位生存性","战术寿命与全局损耗","| 先头侦察、轻型前出力量 | 3–6分钟 |","当前规范正文；早期原始需求／独立推导未找到，不等于复制认定","来源链不全；不据此判定MEDIUM／HIGH复制风险","未找到完整上游来源"
"MATCH_MISSION","docs/constraints/design/MATCH_MISSION.md","73","25 战斗节奏与单位生存性","战术寿命与全局损耗","| 普通步兵、IFV等前线单位 | 5–8分钟 |","当前规范正文；早期原始需求／独立推导未找到，不等于复制认定","来源链不全；不据此判定MEDIUM／HIGH复制风险","未找到完整上游来源"
"MATCH_MISSION","docs/constraints/design/MATCH_MISSION.md","74","25 战斗节奏与单位生存性","战术寿命与全局损耗","| 主战坦克 | 6–10分钟 |","当前规范正文；早期原始需求／独立推导未找到，不等于复制认定","来源链不全；不据此判定MEDIUM／HIGH复制风险","未找到完整上游来源"
"MATCH_MISSION","docs/constraints/design/MATCH_MISSION.md","75","25 战斗节奏与单位生存性","战术寿命与全局损耗","| 火力支援 | 10–20分钟，良好使用允许存活整局 |","当前规范正文；早期原始需求／独立推导未找到，不等于复制认定","来源链不全；不据此判定MEDIUM／HIGH复制风险","未找到完整上游来源"
"MATCH_MISSION","docs/constraints/design/MATCH_MISSION.md","76","25 战斗节奏与单位生存性","战术寿命与全局损耗","| 指挥、补给、维修 | 正常情况下有存活整局的可能 |","当前规范正文；早期原始需求／独立推导未找到，不等于复制认定","来源链不全；不据此判定MEDIUM／HIGH复制风险","未找到完整上游来源"
"MATCH_MISSION","docs/constraints/design/MATCH_MISSION.md","78","25 战斗节奏与单位生存性","战术寿命与全局损耗","不自动失效；未持续暴露于有效火力的单位可远超典型寿命并存活至任务结束。","当前规范正文；早期原始需求／独立推导未找到，不等于复制认定","来源链不全；不据此判定MEDIUM／HIGH复制风险","未找到完整上游来源"
"MATCH_MISSION","docs/constraints/design/MATCH_MISSION.md","80","25 战斗节奏与单位生存性","战术寿命与全局损耗","双方实力接近、任务正常发展且强度符合预期时，以开局投入的前线战斗力量为基准：","当前规范正文；早期原始需求／独立推导未找到，不等于复制认定","来源链不全；不据此判定MEDIUM／HIGH复制风险","未找到完整上游来源"
"MATCH_MISSION","docs/constraints/design/MATCH_MISSION.md","82","25 战斗节奏与单位生存性","战术寿命与全局损耗","| 时间 | 累计完全或基本失能比例参考 |","当前规范正文；早期原始需求／独立推导未找到，不等于复制认定","来源链不全；不据此判定MEDIUM／HIGH复制风险","未找到完整上游来源"
"MATCH_MISSION","docs/constraints/design/MATCH_MISSION.md","84","25 战斗节奏与单位生存性","战术寿命与全局损耗","| 第9分钟 | 10–20% |","当前规范正文；早期原始需求／独立推导未找到，不等于复制认定","来源链不全；不据此判定MEDIUM／HIGH复制风险","未找到完整上游来源"
"MATCH_MISSION","docs/constraints/design/MATCH_MISSION.md","85","25 战斗节奏与单位生存性","战术寿命与全局损耗","| 第17分钟 | 35–50% |","当前规范正文；早期原始需求／独立推导未找到，不等于复制认定","来源链不全；不据此判定MEDIUM／HIGH复制风险","未找到完整上游来源"
"MATCH_MISSION","docs/constraints/design/MATCH_MISSION.md","86","25 战斗节奏与单位生存性","战术寿命与全局损耗","| 第25分钟 | 55–75% |","当前规范正文；早期原始需求／独立推导未找到，不等于复制认定","来源链不全；不据此判定MEDIUM／HIGH复制风险","未找到完整上游来源"
"MATCH_MISSION","docs/constraints/design/MATCH_MISSION.md","88","25 战斗节奏与单位生存性","战术寿命与全局损耗","仅作整体平衡审计，不强制执行损耗曲线。第17分钟理想状态为前沿明显损耗、整体体系仍在，为最后8分钟预备队、重整、补给与反击提供基础。","当前规范正文；早期原始需求／独立推导未找到，不等于复制认定","来源链不全；不据此判定MEDIUM／HIGH复制风险","未找到完整上游来源"
"MATCH_MISSION","docs/constraints/design/MATCH_MISSION.md","92","25 战斗节奏与单位生存性","预备队、弹药与支援","预备队用于替换严重减员先头力量、接替缺弹或受损主力、利用敌方前16分钟暴露的薄弱方向、形成新突破及劣势下最后反击，不只是替换完全死亡单位。同一时刻前线实际交战力量可维持营级，整局累计投入可达加强营乃至旅级；不据此新增编制或在场数量硬限制。","当前规范正文；早期原始需求／独立推导未找到，不等于复制认定","来源链不全；不据此判定MEDIUM／HIGH复制风险","未找到完整上游来源"
"MATCH_MISSION","docs/constraints/design/MATCH_MISSION.md","94","25 战斗节奏与单位生存性","预备队、弹药与支援","完整、弹药配置正常的主战单位进入9–17分钟阶段，应无需常规补给完成8分钟正常高强度作战。持续最大射速压制、无效射击或异常高强度允许提前耗尽；补给压力主要在17–25分钟明显出现，不在全面战斗开始后立即成为常态。","当前规范正文；早期原始需求／独立推导未找到，不等于复制认定","来源链不全；不据此判定MEDIUM／HIGH复制风险","未找到完整上游来源"
"MATCH_MISSION","docs/constraints/design/MATCH_MISSION.md","96","25 战斗节奏与单位生存性","预备队、弹药与支援","开局迫击炮、近程防空、指挥保障及主要营属支援应在任务开始约3–5分钟内完成必要机动展开并形成有效作战能力，不因后方属性长期脱离战斗。生存依赖阵地选择、隐蔽和转移，不依赖高耐久。","当前规范正文；早期原始需求／独立推导未找到，不等于复制认定","来源链不全；不据此判定MEDIUM／HIGH复制风险","未找到完整上游来源"
"MATCH_MISSION","docs/constraints/design/MATCH_MISSION.md","100","25 战斗节奏与单位生存性","不采用经验／老兵成长","不设以存活、击杀或作战时间为基础的经验等级、老兵等级或永久战斗属性加成。同型号、同状态的长期存活单位与新投入单位无经验属性差异。存活本身就是正确侦察、部署、机动和风险控制的收益，不再附加数值成长奖励。","当前规范正文；早期原始需求／独立推导未找到，不等于复制认定","来源链不全；不据此判定MEDIUM／HIGH复制风险","未找到完整上游来源"
"MATCH_MISSION","docs/constraints/design/MATCH_MISSION.md","104","25 战斗节奏与单位生存性","数值校验与步兵班标定","单位可在战场存在很久，但不能在有效火力下存在很久。战术寿命主要5–10分钟，局部有效杀伤主要数秒至两分钟；部署后的前8分钟建立态势、中间8分钟主要损耗、最后8分钟处理损耗并投入预备力量。伤害、命中率、压制、掩体、防护、维修和价格须接受这些尺度的反向校验。","当前规范正文；早期原始需求／独立推导未找到，不等于复制认定","来源链不全；不据此判定MEDIUM／HIGH复制风险","未找到完整上游来源"
"MATCH_MISSION","docs/constraints/design/MATCH_MISSION.md","106","25 战斗节奏与单位生存性","数值校验与步兵班标定","人员生命、直射／爆炸分配、碰撞与岗位接替沿用[第9节](COMBAT_RULES.md#section-9)、[第18节](PROJECTILES.md#section-18)。直射选择命中时刻距命中点最近的存活成员，同距按稳定member_id决胜。不通过提高HP、隐藏命中率或强制减员倒计时满足目标。标定实例及未确认阈值仍待细化，时间目标不自动批准具体参数或伤害系统实现。","本会话用户明确选择按命中点最近存活成员；任务005","LOW","本会话可见明确决定"
"PENDING_DECISIONS","docs/constraints/design/PENDING_DECISIONS.md","11","22 待定事项与冲突登记","22 待定事项与冲突登记","本节的未确认内容不构成已批准的具体实现或数值；不得覆盖正文已确认框架、通用规则或独立武器参数。正式Demo的单位编辑器功能要求已确认，仅具体功能规格待定。","当前规范正文；早期原始需求／独立推导未找到，不等于复制认定","来源链不全；不据此判定MEDIUM／HIGH复制风险","未找到完整上游来源"
"PENDING_DECISIONS","docs/constraints/design/PENDING_DECISIONS.md","15","22 待定事项与冲突登记","实验性武器：全部待定","实验性武器整个系统重新列为待定，不属于当前已确认功能范围，不据此前方案开发、计入预算或强制生成相关界面。阵营与专精的常规规则保持。","当前规范正文；早期原始需求／独立推导未找到，不等于复制认定","来源链不全；不据此判定MEDIUM／HIGH复制风险","未找到完整上游来源"
"PENDING_DECISIONS","docs/constraints/design/PENDING_DECISIONS.md","17","22 待定事项与冲突登记","实验性武器：全部待定","实验性武器的引入、候选池、预算、卡种、购买限制及具体机制均待确认，不采用历史讨论值。","当前规范正文；早期原始需求／独立推导未找到，不等于复制认定","来源链不全；不据此判定MEDIUM／HIGH复制风险","未找到完整上游来源"
"PENDING_DECISIONS","docs/constraints/design/PENDING_DECISIONS.md","21","22 待定事项与冲突登记","其他待定事项","- [第23节](WORLD_VISIBILITY.md#section-23)规定比例减伤仅由掩体提供，各类掩体具体减伤比例待定；房屋生命、防护、容量、进出及逃生数值、基础隐蔽、暴露时间、消音、弹药减伤无视数值仍待定。","当前规范正文；早期原始需求／独立推导未找到，不等于复制认定","来源链不全；不据此判定MEDIUM／HIGH复制风险","未找到完整上游来源"
"PENDING_DECISIONS","docs/constraints/design/PENDING_DECISIONS.md","23","22 待定事项与冲突登记","其他待定事项","- 世界观、首版两个专精、各类额度分配、常规卡种上限、配置在场限额、关联组合配置呈现及分项数量界面。","当前规范正文；早期原始需求／独立推导未找到，不等于复制认定","来源链不全；不据此判定MEDIUM／HIGH复制风险","未找到完整上游来源"
"PENDING_DECISIONS","docs/constraints/design/PENDING_DECISIONS.md","24","22 待定事项与冲突登记","其他待定事项","- 尚未由具体单位或武器配置确定的生命、防护、射程、散布、弹药单价、补给吨位等实例参数待定；这些参数须在现有已定义框架内配置，不得据此修改框架本身，也不得覆盖正文已确认的通用数值或独立武器参数。车辆回血费用、特殊装备重量及装卸时间中未明确确认的部分待定。","当前规范正文；早期原始需求／独立推导未找到，不等于复制认定","来源链不全；不据此判定MEDIUM／HIGH复制风险","未找到完整上游来源"
"PENDING_DECISIONS","docs/constraints/design/PENDING_DECISIONS.md","25","22 待定事项与冲突登记","其他待定事项","- 补给范围速率、殉爆系数和半径上下限；爆车对乘客固定伤害及压制；撤离人员编制和主动放弃计分比例。","当前规范正文；早期原始需求／独立推导未找到，不等于复制认定","来源链不全；不据此判定MEDIUM／HIGH复制风险","未找到完整上游来源"
"PENDING_DECISIONS","docs/constraints/design/PENDING_DECISIONS.md","26","22 待定事项与冲突登记","其他待定事项","- 尚未由具体单位配置确定的每人压制额度与对应阈值；仅还击重锁时长；烟雾及其他单位冲刺数值；四模块完整维修优先级、维修时间、普通炮塔就绪细节。[第9节](COMBAT_RULES.md#section-9)已确认的标准压制额度、恢复等待及衰减机制继续生效，不列为未确认通用值。","当前规范正文；早期原始需求／独立推导未找到，不等于复制认定","来源链不全；不据此判定MEDIUM／HIGH复制风险","未找到完整上游来源"
"PENDING_DECISIONS","docs/constraints/design/PENDING_DECISIONS.md","27","22 待定事项与冲突登记","其他待定事项","- 火炮跟踪区域大小上下限；制导具体取值与相关参数仍待定，当前范围不包含新增制导弹药或内容。弹丸旋转碰撞、全局数值容差、战场边界与未命中生命周期仍待核对或细化。","当前规范正文；早期原始需求／独立推导未找到，不等于复制认定","来源链不全；不据此判定MEDIUM／HIGH复制风险","未找到完整上游来源"
"PENDING_DECISIONS","docs/constraints/design/PENDING_DECISIONS.md","28","22 待定事项与冲突登记","其他待定事项","- 架设火炮只能T开火，G是否也应进入炮击菜单尚未明确；不得自行让G绕过仅T规则。","当前规范正文；早期原始需求／独立推导未找到，不等于复制认定","来源链不全；不据此判定MEDIUM／HIGH复制风险","未找到完整上游来源"
"PENDING_DECISIONS","docs/constraints/design/PENDING_DECISIONS.md","29","22 待定事项与冲突登记","其他待定事项","- 原班组共用碰撞体与个人爆炸位置保留；不是每个士兵都必须新增可阻挡弹丸的独立实体。","当前规范正文；早期原始需求／独立推导未找到，不等于复制认定","来源链不全；不据此判定MEDIUM／HIGH复制风险","未找到完整上游来源"
"PENDING_DECISIONS","docs/constraints/design/PENDING_DECISIONS.md","30","22 待定事项与冲突登记","其他待定事项","- 弹丸运动、重力、直射补偿、迫击炮高抛与碰撞采用[第18节](PROJECTILES.md#section-18)。推进能力具体方向、参数表达及启用范围仍待核对；新增参数类型须另行确认。制导方式留空，不沿用历史100米激活、永久失锁或两类固定基础弹道方案。","当前规范正文；早期原始需求／独立推导未找到，不等于复制认定","来源链不全；不据此判定MEDIUM／HIGH复制风险","未找到完整上游来源"
"PENDING_DECISIONS","docs/constraints/design/PENDING_DECISIONS.md","31","22 待定事项与冲突登记","其他待定事项","- 卡顿、大dt及模拟积压时的射击时间策略待用户讨论确认；不得将现有每武器每次advance最多发射一次的实现视为正式时间规则。","当前规范正文；早期原始需求／独立推导未找到，不等于复制认定","来源链不全；不据此判定MEDIUM／HIGH复制风险","未找到完整上游来源"
"PENDING_DECISIONS","docs/constraints/design/PENDING_DECISIONS.md","32","22 待定事项与冲突登记","其他待定事项","- 后续飞机掉线撤离细则待航空设计；当前不支持断线重连。","当前规范正文；早期原始需求／独立推导未找到，不等于复制认定","来源链不全；不据此判定MEDIUM／HIGH复制风险","未找到完整上游来源"
"PENDING_DECISIONS","docs/constraints/design/PENDING_DECISIONS.md","33","22 待定事项与冲突登记","其他待定事项","- 任务结束同刻事件优先级、具体任务波次、PVP兑换系数与加时持续平局处理。","当前规范正文；早期原始需求／独立推导未找到，不等于复制认定","来源链不全；不据此判定MEDIUM／HIGH复制风险","未找到完整上游来源"
"PENDING_DECISIONS","docs/constraints/design/PENDING_DECISIONS.md","34","22 待定事项与冲突登记","其他待定事项","- 单位移动占用尺寸、视觉残骸显示时长待定。","当前规范正文；早期原始需求／独立推导未找到，不等于复制认定","来源链不全；不据此判定MEDIUM／HIGH复制风险","未找到完整上游来源"
"PENDING_DECISIONS","docs/constraints/design/PENDING_DECISIONS.md","35","22 待定事项与冲突登记","其他待定事项","- 补给点近乎瞬间占领的具体量表时长、占领范围及库存装载与占领同时发生的事件处理待定。","当前规范正文；早期原始需求／独立推导未找到，不等于复制认定","来源链不全；不据此判定MEDIUM／HIGH复制风险","未找到完整上游来源"
"PENDING_DECISIONS","docs/constraints/design/PENDING_DECISIONS.md","36","22 待定事项与冲突登记","其他待定事项","- PDW、普通步枪、轻机枪已确认参数见[第24A节](COMBAT_RULES.md#section-24a)；未定义武器的穿深锚点、基础散布绝对值及尚未确认的瞄准时间等参数，以及未定义步兵武器的槽位细节仍待定，不根据摘要补齐。具体单位实例不再属于本基线，武器数量与岗位由框架内的单位配置确定。","当前规范正文；早期原始需求／独立推导未找到，不等于复制认定","来源链不全；不据此判定MEDIUM／HIGH复制风险","未找到完整上游来源"
"PENDING_DECISIONS","docs/constraints/design/PENDING_DECISIONS.md","40","22 待定事项与冲突登记","单位编辑器功能要求","正式Demo包含单位编辑器，支持在本基线已定义的单位基体／单位配置／武器框架下创建和配置单位；明确区分基体选择、配置编辑与完成配置后的单位。具体字段、交互及功能边界待确认；编辑器不引入新的单位或武器机制。","当前规范正文；早期原始需求／独立推导未找到，不等于复制认定","来源链不全；不据此判定MEDIUM／HIGH复制风险","未找到完整上游来源"
"PENDING_DECISIONS","docs/constraints/design/PENDING_DECISIONS.md","42","22 待定事项与冲突登记","单位编辑器功能要求","选项效果、默认选择、互斥、解析优先级及跨独立安装位置共享库存中未由既有规则明确的部分，按[第24节](UNIT_CONFIGURATION.md#section-24)继续待定；外部数据字段不自动授予这些机制。","当前规范正文；早期原始需求／独立推导未找到，不等于复制认定","来源链不全；不据此判定MEDIUM／HIGH复制风险","未找到完整上游来源"
"PENDING_DECISIONS","docs/constraints/design/PENDING_DECISIONS.md","46","22 待定事项与冲突登记","当前未解决冲突","| 项目 | 冲突条款／来源 | 影响范围与当前处理 | 待确认处置 |","当前规范正文；早期原始需求／独立推导未找到，不等于复制认定","来源链不全；不据此判定MEDIUM／HIGH复制风险","未找到完整上游来源"
"PENDING_DECISIONS","docs/constraints/design/PENDING_DECISIONS.md","48","22 待定事项与冲突登记","当前未解决冲突","| P01 弹丸工程决定与通用待定措辞 | [第18节](PROJECTILES.md#section-18)仍称积压策略、边界及旋转接口待定；已授权C类技术设计明确8步保债务、XZ退出、端点旋转／尺寸插值及1毫米误差 | 活动权威链按既有明确授权的工程契约运行；不回退代码，不将其扩展为武器属性或正式平衡值；来源为 [C类工程契约](../PROJECTILE_SIMULATION_C_DESIGN.md) | 后续设计核对时确认通用正文应如何吸收工程边界；本轮保留原机制与授权来源，不另创方案 |","当前规范正文；早期原始需求／独立推导未找到，不等于复制认定","来源链不全；不据此判定MEDIUM／HIGH复制风险","未找到完整上游来源"
"PENDING_DECISIONS","docs/constraints/design/PENDING_DECISIONS.md","49","22 待定事项与冲突登记","当前未解决冲突","| P02 移动时瞄准进度 | [第13节](COMBAT_RULES.md#section-13)“禁移动射击武器移动清零”与[第24A节](COMBAT_RULES.md#section-24a)“开始／停止移动不重置瞄准”范围重叠 | 影响禁移动射击武器；当前实现记录为暂停保留进度，记录本身不裁决规则；本轮不改实现或测试 | 确认[第24A节](COMBAT_RULES.md#section-24a)是否仅指允许移动射击武器，或明确统一行为 |","当前规范正文；早期原始需求／独立推导未找到，不等于复制认定","来源链不全；不据此判定MEDIUM／HIGH复制风险","未找到完整上游来源"
"PENDING_DECISIONS","docs/constraints/design/PENDING_DECISIONS.md","50","22 待定事项与冲突登记","当前未解决冲突","| P03 APS启用状态 | [第10节](COMBAT_RULES.md#section-10)描述全向、资格及次数冷却；[第24节](UNIT_CONFIGURATION.md#section-24)明确“仅定义标签，作用机制未启用” | 当前规划不启用APS；保留既有描述为未来约束，不开发运行机制 | 启用APS前确认资格及机制范围 |","当前规范正文；早期原始需求／独立推导未找到，不等于复制认定","来源链不全；不据此判定MEDIUM／HIGH复制风险","未找到完整上游来源"
"PENDING_DECISIONS","docs/constraints/design/PENDING_DECISIONS.md","52","22 待定事项与冲突登记","当前未解决冲突","正式值与临时实现参数不因文档合并互相替代。任务阶段及授权状态见实际HANDOFF。","当前规范正文；早期原始需求／独立推导未找到，不等于复制认定","来源链不全；不据此判定MEDIUM／HIGH复制风险","未找到完整上游来源"
"FUTURE_PVP","docs/constraints/design/FUTURE_PVP.md","11","21 长期愿景：后续PVP专用规则","21 长期愿景：后续PVP专用规则","PVP属于长期愿景，不在当前开发范围，不影响当前开发、标准任务25分钟节奏或验收，不构成当前实现要求。以下专用规则仅保留供未来PVP阶段参考，启用前须另行确定阶段范围与适用规则。","当前规范正文；早期原始需求／独立推导未找到，不等于复制认定","来源链不全；不据此判定MEDIUM／HIGH复制风险","未找到完整上游来源"
"FUTURE_PVP","docs/constraints/design/FUTURE_PVP.md","13","21 长期愿景：后续PVP专用规则","21 长期愿景：后续PVP专用规则","两阶段各10分钟，只用于结算；20分钟按双方累计总分判断，同分加5分钟。占领和击杀分别推进独立量表，同等重要，兑换系数待定。阶段将所有累计值直接折算含未满部分，清空进度，不重置战场状态。加时仍同分的处理及精度容差待定。","当前规范正文；早期原始需求／独立推导未找到，不等于复制认定","来源链不全；不据此判定MEDIUM／HIGH复制风险","未找到完整上游来源"
"FUTURE_PVP","docs/constraints/design/FUTURE_PVP.md","15","21 长期愿景：后续PVP专用规则","21 长期愿景：后续PVP专用规则","占领量表按比对手多占点数增长：v×max(己方点数−敌方点数,0)，不扣历史分。据点敌方／中立／己方三态，先清敌再填己，固定速度；有单位即可推进，状态和数量不影响速度，双方在点暂停，无人保进度。补给点不能占点。","当前规范正文；早期原始需求／独立推导未找到，不等于复制认定","来源链不全；不据此判定MEDIUM／HIGH复制风险","未找到完整上游来源"
"FUTURE_PVP","docs/constraints/design/FUTURE_PVP.md","17","21 长期愿景：后续PVP专用规则","21 长期愿景：后续PVP专用规则","消灭按配置价值，单兵伤亡、失能、模块伤不单独计分；补给毁损10分/t。主动放弃只给对方少量价值，自身为击杀者；正常被动逃生不降低原装备价值。占领和击杀不直接产生出动收入。","当前规范正文；早期原始需求／独立推导未找到，不等于复制认定","来源链不全；不据此判定MEDIUM／HIGH复制风险","未找到完整上游来源"
